Workbook
Name CraftableID: '01_Craftable'!$B:$B
Name CraftableName: '01_Craftable'!$C:$C
Name LocationID: '02_Location'!$A:$A
Name LocationName: '02_Location'!$B:$B

Sheet PowerDashboard
A1: Advanced Component Search | AQ1: {=_xlfn._xlws.SORT(_xlfn.UNIQUE(tblComponent[ComponentRarity]))} -> Blue | AR1: {=_xlfn._xlws.SORT(_xlfn.UNIQUE(tblLocation[LocationName]))} -> ARC | AS1: {=_xlfn._xlws.SORT(_xlfn.UNIQUE(tblCraftable[CraftableName]))} -> Adrenaline Shot | AT1: {=_xlfn._xlws.SORT(_xlfn.UNIQUE(tblComponent[ComponentName]))} -> Advanced ARC Powercell
AQ2: Gray | AR2: Commercial | AS2: Advanced Electrical Components | AT2: Advanced Electrical Components
A3: Rarity | AQ3: Green | AR3: Electrical | AS3: Advanced Mechanical Components | AT3: Advanced Mechanical Components
A4: Location | AQ4: NA | AR4: Exodus | AS4: Angled Grip I | AT4: Agave
A5: Used In | AQ5: Pink | AR5: Industrial | AS5: Antiseptic | AT5: Air Freshener
A6: Dismantles To | AQ6: Yellow | AR6: Mechanical | AS6: ARC Circuitry | AT6: Alarm Clock
A7: Show Unknown (NOT WORKING) | C7: FALSE | AR7: Medical | AS7: ARC Motion Core | AT7: Antiseptic
AR8: Nature | AS8: Arpeggio I | AT8: Apricot
A9: Component | B9: Rarity | C9: Price | D9: Total Needed | E9: Used For | F9: Locations | G9: Dismantles Into | AR9: Raider | AS9: Bandage | AT9: ARC Alloy
A10: {=_xlfn.LET(_xlpm.rarityFilter,IF(B3="","",B3),_xlpm.locationFilter,IF(B4="","",B4),_xlpm.stationFilter,IF(B5="","",B5),_xlpm.dismantleFilter,IF(B6="","",B6),_xlpm.showUnknown,C7,_xlpm.allCompIDs,tblComponent[ComponentID],_xlpm.allCompNames,tblComponent[ComponentName],_xlpm.rarityMatch,IF(_xlpm.rarityFilter="",1,(tblComponent[ComponentRarity]=_xlpm.rarityFilter)*1),_xlpm.locationIDs,IF(_xlpm.locationFilter="","",_xlfn.XLOOKUP(_xlpm.locationFilter,tblLocation[LocationName],tblLocation[LocationID])),_xlpm.locationMatch,IF(_xlpm.locationFilter="",1,(COUNTIFS(tblComponentLocation[ComponentID],_xlpm.allCompIDs,tblComponentLocation[LocationID],_xlpm.locationIDs)>0)*1),_xlpm.stationID,IF(_xlpm.stationFilter="","",_xlfn.XLOOKUP(_xlpm.stationFilter,tblCraftable[CraftableName],tblCraftable[CraftableID])),_xlpm.stationMatch,IF(_xlpm.stationFilter="",1,(COUNTIFS(tblComponentUsage[ComponentID],_xlpm.allCompIDs,tblComponentUsage[CraftableID],_xlpm.stationID)>0)*1),_xlpm.dismantleID,IF(_xlpm.dismantleFilter="","",_xlfn.XLOOKUP(_xlpm.dismantleFilter,tblComponent[ComponentName],tblComponent[ComponentID])),_xlpm.dismantleMatch,IF(_xlpm.dismantleFilter="",1,(COUNTIFS(tblDismantleResults[SourceComponentID],_xlpm.allCompIDs,tblDismantleResults[ResultComponentID],_xlpm.dismantleID)>0)*1),_xlpm.hasKnownLoc,_xlfn.MAP(tblComponent[ComponentID],_xlfn.LAMBDA(_xlpm.id,COUNTIFS(tblComponentLocation[ComponentID],_xlpm.id)>0)),_xlpm.showUnknownMatch,IF(_xlpm.showUnknown,1,_xlpm.hasKnownLoc*1),_xlpm.combinedMatch,_xlpm.rarityMatch*_xlpm.locationMatch*_xlpm.stationMatch*_xlpm.dismantleMatch*_xlpm.showUnknownMatch,_xlpm.resultName,_xlfn._xlws.FILTER(tblComponent[ComponentName],_xlpm.combinedMatch),_xlpm.resultRarity,_xlfn._xlws.FILTER(tblComponent[ComponentRarity],_xlpm.combinedMatch),_xlpm.resultPrice,_xlfn._xlws.FILTER(tblComponent[ComponentSellPrice],_xlpm.combinedMatch),_xlpm.resultTotalNeeded,_xlfn._xlws.FILTER(_xlfn.MAP(tblComponent[ComponentID],_xlfn.LAMBDA(_xlpm.id,SUMIFS(tblComponentUsage[UsageQuantity],tblComponentUsage[ComponentID],_xlpm.id))),_xlpm.combinedMatch),_xlpm.resultUses,_xlfn._xlws.FILTER(_xlfn.MAP(tblComponent[ComponentID],_xlfn.LAMBDA(_xlpm.id,_xlfn.LET(_xlpm.useIDs,IFERROR(_xlfn._xlws.FILTER(tblComponentUsage[CraftableID],tblComponentUsage[ComponentID]=_xlpm.id),""),_xlpm.useQtys,IFERROR(_xlfn._xlws.FILTER(tblComponentUsage[UsageQuantity],tblComponentUsage[ComponentID]=_xlpm.id),""),_xlpm.useNames,IF(OR(_xlpm.useIDs="",ROWS(_xlpm.useIDs)=0),"",IFERROR(_xlfn.XLOOKUP(_xlpm.useIDs,tblCraftable[CraftableID],tblCraftable[CraftableName]),"")),_xlpm.uses,IF(OR(_xlpm.useNames="",ROWS(_xlpm.useNames)=0),"No known use",_xlfn.TEXTJOIN(", ",TRUE,_xlpm.useNames&" ("&_xlpm.useQtys&")")),_xlpm.uses))),_xlpm.combinedMatch),_xlpm.resultLocations,_xlfn._xlws.FILTER(_xlfn.MAP(tblComponent[ComponentID],_xlfn.LAMBDA(_xlpm.id,_xlfn.LET(_xlpm.locs,IFERROR(_xlfn._xlws.FILTER(tblLocation[LocationName],ISNUMBER(MATCH(tblLocation[LocationID],_xlfn._xlws.FILTER(tblComponentLocation[LocationID],tblComponentLocation[ComponentID]=_xlpm.id),0))),""),IF(OR(_xlpm.locs="",ROWS(_xlpm.locs)=0),"Unknown",_xlfn.TEXTJOIN(", ",TRUE,_xlpm.locs))))),_xlpm.combinedMatch),_xlpm.resultDismantles,_xlfn._xlws.FILTER(_xlfn.MAP(tblComponent[ComponentID],_xlfn.LAMBDA(_xlpm.id,_xlfn.LET(_xlpm.disIDs,IFERROR(_xlfn._xlws.FILTER(tblDismantleResults[ResultComponentID],tblDismantleResults[SourceComponentID]=_xlpm.id),""),_xlpm.disQtys,IFERROR(_xlfn._xlws.FILTER(tblDismantleResults[Quantity],tblDismantleResults[SourceComponentID]=_xlpm.id),""),_xlpm.disNames,IF(OR(_xlpm.disIDs="",ROWS(_xlpm.disIDs)=0),"",IFERROR(_xlfn.XLOOKUP(_xlpm.disIDs,tblComponent[ComponentID],tblComponent[ComponentName]),"")),_xlpm.dismantleText,IF(OR(_xlpm.disNames="",ROWS(_xlpm.disNames)=0),"Cannot be dismantled",_xlfn.TEXTJOIN(", ",TRUE,_xlpm.disNames&" ("&_xlpm.disQtys&"x)")),_xlpm.dismantleText))),_xlpm.combinedMatch),IF(ROWS(_xlpm.resultName)=0,"No results found",_xlfn.HSTACK(_xlpm.resultName,_xlpm.resultRarity,_xlpm.resultPrice,_xlpm.resultTotalNeeded,_xlpm.resultUses,_xlpm.resultLocations,_xlpm.resultDismantles)))} -> Advanced ARC Powercell | B10: Blue | C10: 640 | D10: 1 | E10: Surge Shield Recharger (1) | F10: ARC | G10: Cannot be dismantled | AR10: Residential | AS10: Bettina I | AT10: ARC Circuitry
A11: Advanced Electrical Components | B11: Blue | C11: 1750 | D11: 17 | E11: Gear Bench (5), Utility Station (5), Looting Mk.3 (Cautious) (2), Power Rod (2), Photoelectric Cloak (2), Raider Hatch Key (1) | F11: Electrical | G11: Electrical Components (1x), Wires (1x) | AR11: Security | AS11: Binoculars | AT11: ARC Coolant
A12: Advanced Mechanical Components | B12: Blue | C12: 1750 | D12: 12 | E12: Gunsmith (5), Bettina I (3), Renegade I (2), Magnetic Accelerator (2) | F12: Mechanical | G12: Mechanical Components (1x), Wires (1x) | AR12: Technological | AS12: Combat Mk.1 | AT12: ARC Flex Rubber
A13: Agave | B13: Green | C13: 1000 | D13: 0 | E13: No known use | F13: Unknown | G13: Assorted Seeds (3x) | AS13: Combat Mk.2 | AT13: ARC Motion Core
A14: Air Freshener | B14: Gray | C14: 2000 | D14: 0 | E14: No known use | F14: Unknown | G14: Cannot be dismantled | AS14: Compensator I | AT14: ARC Performance Steel
A15: Alarm Clock | B15: Blue | C15: 1000 | D15: 0 | E15: No known use | F15: Unknown | G15: Processor (1x), Plastic Parts (6x) | AS15: Crude Explosives | AT15: ARC Powercell
A16: Antiseptic | B16: Blue | C16: 1000 | D16: 9 | E16: Medical Lab (8), Sterilized Bandage (1) | F16: Medical | G16: Chemicals (10x) | AS16: Door Blocker | AT16: ARC Synthetic Resin
A17: Apricot | B17: Green | C17: 640 | D17: 15 | E17: Scrappy (3), Scrappy (12) | F17: Nature | G17: Assorted Seeds (3x) | AS17: Durable Cloth | AT17: ARC Thermo Lining
A18: ARC Alloy | B18: Green | C18: 200 | D18: 32 | E18: Explosives Station (6), Medical Lab (6), Utility Station (6), Light Shield (2), ARC Circuitry (6), ARC Motion Core (6) | F18: ARC | G18: Metal Parts (2x) | AS18: Electrical Components | AT18: Assorted Seeds
A19: ARC Circuitry | B19: Blue | C19: 1000 | D19: 13 | E19: Refiner (10), Medium Shield (1), Power Rod (2) | F19: ARC | G19: ARC Alloy (2x) | AS19: Explosive Compound | AT19: Bastion Cell
A20: ARC Coolant | B20: Blue | C20: 1000 | D20: 0 | E20: No known use | F20: Unknown | G20: Chemicals (16x) | AS20: Explosives Station | AT20: Battery
A21: ARC Flex Rubber | B21: Blue | C21: 1000 | D21: 0 | E21: No known use | F21: ARC | G21: Rubber Parts (16x) | AS21: Extended Light Mag I | AT21: Bicycle Pump
A22: ARC Motion Core | B22: Blue | C22: 1000 | D22: 7 | E22: Refiner (5), Magnetic Accelerator (2) | F22: ARC | G22: ARC Alloy (2x) | AS22: Extended Medium Mag I | AT22: Bloated Tuna Can
A23: ARC Performance Steel | B23: Blue | C23: 1000 | D23: 0 | E23: No known use | F23: ARC | G23: Metal Parts (12x) | AS23: Extended Shotgun Mag I | AT23: Blown Fuses
A24: ARC Powercell | B24: Gray | C24: 640 | D24: 6 | E24: Refiner (5), Shield Recharger (1) | F24: ARC | G24: Cannot be dismantled | AS24: Ferro I | AT24: Bombardier Cell
... A31: Bloated Tuna Can | B31: Gray | C31: 1000 | D31: 0 | E31: No known use | F31: Unknown | G31: Cannot be dismantled | AS31: Heavy Shield | AT31: Camera Lens
A32: Blown Fuses | B32: Gray | C32: NA | D32: 0 | E32: No known use | F32: Unknown | G32: Cannot be dismantled | AS32: Herbal Bandage | AT32: Candle Holder
A33: Bombardier Cell | B33: Pink | C33: 5000 | D33: 6 | E33: Refiner (6) | F33: Unknown | G33: Advanced Mechanical Components (2x), ARC Alloy (2x) | AS33: Kettle I | AT33: Canister
A34: Breathtaking Snow Globe | B34: Pink | C34: 7000 | D34: 0 | E34: No known use | F34: Unknown | G34: Cannot be dismantled | AS34: Light Ammo | AT34: Cat Bed
A35: Broken Flashlight | B35: Blue | C35: 1000 | D35: 0 | E35: No known use | F35: Unknown | G35: Battery (3x), Metal Parts (7x) | AS35: Light Impact Grenade | AT35: Chemicals
A36: Broken Handheld Radio | B36: Blue | C36: 1000 | D36: 0 | E36: No known use | F36: Unknown | G36: Sensors (3x), Wires (3x) | AS36: Light Shield | AT36: Coffee Pot
A37: Broken Riot Shield | B37: Blue | C37: NA | D37: 0 | E37: No known use | F37: Unknown | G37: Plastic Parts (12x) | AS37: Li'l Smoke Grenade | AT37: Complex Gun Parts
A38: Broken Taser | B38: Blue | C38: 1000 | D38: 0 | E38: No known use | F38: Unknown | G38: Battery (2x), Wires (2x) | AS38: Looting Mk.1 | AT38: Coolant
A39: Burned ARC Circuitry | B39: Green | C39: 640 | D39: 0 | E39: No known use | F39: Unknown | G39: ARC Alloy (2x) | AS39: Looting Mk.2 | AT39: Cooling Coil
A40: Camera Lens | B40: Green | C40: 640 | D40: 0 | E40: No known use | F40: Unknown | G40: Plastic Parts (8x) | AS40: Looting Mk.3 (Cautious) | AT40: Cooling Fan
A41: Candle Holder | B41: Green | C41: 270 | D41: 0 | E41: No known use | F41: Unknown | G41: Metal Parts (8x) | AS41: Lure Grenade | AT41: Cracked Bioscanner
A42: Canister | B42: Green | C42: 300 | D42: 5 | E42: Bettina I (3), Heavy Fuze Grenade (2) | F42: Commercial | G42: Plastic Parts (3x) | AS42: Magnetic Accelerator | AT42: Crude Explosives
A43: Cat Bed | B43: Gray | C43: 1000 | D43: 1 | E43: Scrappy (1) | F43: Commercial, Residential | G43: Cannot be dismantled | AS43: Mechanical Components | AT43: Crumpled Plastic Bottle
A44: Chemicals | B44: Gray | C44: 50 | D44: 92 | E44: Explosives Station (50), Heavy Ammo (2), Light Ammo (2), Medium Ammo (2), Shotgun Ammo (2), Light Impact Grenade (3), Antiseptic (10), Crude Explosives (6), Gas Grenade (4), Light Impact Grenade (3), Adrenaline Shot (3), Li'l Smoke Grenade (5) | F44: Mechanical, Medical, Residential | G44: Cannot be dismantled | AS44: Medical Lab | AT44: Damaged ARC Motion Core
A45: Coffee Pot | B45: Gray | C45: 2000 | D45: 0 | E45: No known use | F45: Unknown | G45: Cannot be dismantled | AS45: Medium Ammo | AT45: Damaged ARC Powercell
A46: Complex Gun Parts | B46: Pink | C46: 1000 | D46: 0 | E46: No known use | F46: Security | G46: Simple Gun Parts (3x) | AS46: Medium Shield | AT46: Damaged Fireball Burner
A47: Coolant | B47: Blue | C47: 1000 | D47: 0 | E47: No known use | F47: Unknown | G47: Chemicals (5x), Oil (2x) | AS47: Mod Components | AT47: Damaged Heat Sink
A48: Cooling Coil | B48: Blue | C48: 1000 | D48: 0 | E48: No known use | F48: Unknown | G48: Chemicals (6x), Steel Spring (2x) | AS48: Muzzle Brake I | AT48: Damaged Hornet Driver
A49: Cooling Fan | B49: Blue | C49: 2000 | D49: 0 | E49: No known use | F49: Unknown | G49: Plastic Parts (14x), Battery (4x) | AS49: Photoelectric Cloak | AT49: Damaged Rocketeer Driver
... A70: Exodus Modules | B70: Pink | C70: 2750 | D70: 0 | E70: No known use | F70: Exodus | G70: Magnet (2x), Mechanical Components (1x) | AS70: Zipline | AT70: Fireball Burner
A71: Expired Pasta | B71: Gray | C71: 1000 | D71: 0 | E71: No known use | F71: Unknown | G71: Cannot be dismantled | AT71: Fried Motherboard
A72: Expired Respirator | B72: Blue | C72: 640 | D72: 0 | E72: No known use | F72: Unknown | G72: Rubber Parts (8x), Fabric (4x) | AT72: Frying Pan
A73: Explosive Compound | B73: Blue | C73: 1000 | D73: 6 | E73: Explosives Station (5), Heavy Fuze Grenade (1) | F73: Industrial, Security | G73: Crude Explosives (2x) | AT73: Garlic Press
A74: Fabric | B74: Gray | C74: 50 | D74: 99 | E74: Gear Bench (30), Medical Lab (50), Bandage (5), Durable Cloth (14) | F74: Commercial, Medical, Residential | G74: Cannot be dismantled | AT74: Great Mullein
A75: Faded Photograph | B75: Gray | C75: 640 | D75: 0 | E75: No known use | F75: Unknown | G75: Cannot be dismantled | AT75: Headphones
A76: Fertilizer | B76: Green | C76: 1000 | D76: 0 | E76: No known use | F76: Unknown | G76: Assorted Seeds (2x) | AT76: Heavy Gun Parts
A77: Film Reel | B77: Gray | C77: 2000 | D77: 0 | E77: No known use | F77: Unknown | G77: Cannot be dismantled | AT77: Hornet Driver
A78: Fine Wristwatch | B78: Gray | C78: 3000 | D78: 0 | E78: No known use | F78: Unknown | G78: Cannot be dismantled | AT78: Household Cleaner
A79: Fireball Burner | B79: Green | C79: 640 | D79: 8 | E79: Refiner (8) | F79: ARC | G79: ARC Alloy (1x), Chemicals (1x) | AT79: Humidifier
A80: Fried Motherboard | B80: Blue | C80: 2000 | D80: 3 | E80: Utility Station (3) | F80: Technological | G80: Plastic Parts (5x), Electrical Components (1x) | AT80: Ice Cream Scooper
A81: Frying Pan | B81: Blue | C81: 270 | D81: 0 | E81: No known use | F81: Unknown | G81: Metal Parts (8x) | AT81: Impure ARC Coolant
A82: Garlic Press | B82: Green | C82: 1000 | D82: 0 | E82: No known use | F82: Unknown | G82: Metal Parts (14x) | AT82: Industrial Battery
... A175: Turbo Pump | B175: Blue | C175: 2000 | D175: 0 | E175: No known use | F175: Unknown | G175: Mechanical Components (1x), Oil (3x) | AT175: Wires
A176: Unusable Weapon | B176: Blue | C176: 2000 | D176: 0 | E176: No known use | F176: Unknown | G176: Metal Parts (4x), Simple Gun Parts (5x)
A177: Vase | B177: Blue | C177: 3000 | D177: 0 | E177: No known use | F177: Unknown | G177: Cannot be dismantled
A178: Very Comfortable Pillow | B178: Gray | C178: 2000 | D178: 3 | E178: Scrappy (3) | F178: Commercial, Residential | G178: Cannot be dismantled
A179: Volcanic Rock | B179: Gray | C179: 270 | D179: 0 | E179: No known use | F179: Unknown | G179: Cannot be dismantled
A180: Voltage Converter | B180: Blue | C180: 500 | D180: 2 | E180: Heavy Shield (2) | F180: Electrical | G180: Wires (1x), Rubber Parts (1x)
A181: Wasp Driver | B181: Blue | C181: 1000 | D181: 8 | E181: Gunsmith (8) | F181: ARC | G181: ARC Alloy (1x), Electrical Components (1x)
A182: Water Filter | B182: Blue | C182: 1000 | D182: 0 | E182: No known use | F182: Unknown | G182: Rubber Parts (2x), Canister (3x)
A183: Water Pump | B183: Blue | C183: 1000 | D183: 0 | E183: No known use | F183: Unknown | G183: Metal Parts (4x), Oil (2x)
A184: Wires | B184: Green | C184: 200 | D184: 6 | E184: Compensator I (1), Muzzle Brake I (1), Shotgun Choke I (1), Advanced Electrical Components (3) | F184: Electrical, Technological | G184: Rubber Parts (2x)

Sheet 01_Craftable
A1: numeric | B1: CraftableID | C1: CraftableName
A2: 001 | B2: CRFT-001 | C2: Explosives Station
A3: 002 | B3: CRFT-002 | C3: Gear Bench
A4: 003 | B4: CRFT-003 | C4: Gunsmith
A5: 004 | B5: CRFT-004 | C5: Medical Lab
A6: 005 | B6: CRFT-005 | C6: Refiner
A7: 006 | B7: CRFT-006 | C7: Scrappy
A8: 007 | B8: CRFT-007 | C8: Utility Station
A9: 008 | B9: =_xlfn.CONCAT("CRFT-",A9) -> CRFT-008 | C9: Looting Mk.1
A10: 009 | B10: =_xlfn.CONCAT("CRFT-",A10) -> CRFT-009 | C10: Light Shield
A11: 010 | B11: =_xlfn.CONCAT("CRFT-",A11) -> CRFT-010 | C11: Ferro I
A12: 011 | B12: =_xlfn.CONCAT("CRFT-",A12) -> CRFT-011 | C12: Hairpin I
A13: 012 | B13: =_xlfn.CONCAT("CRFT-",A13) -> CRFT-012 | C13: Kettle I
A14: 013 | B14: =_xlfn.CONCAT("CRFT-",A14) -> CRFT-013 | C14: Stitcher I
A15: 014 | B15: =_xlfn.CONCAT("CRFT-",A15) -> CRFT-014 | C15: Heavy Ammo
A16: 015 | B16: =_xlfn.CONCAT("CRFT-",A16) -> CRFT-015 | C16: Light Ammo
A17: 016 | B17: =_xlfn.CONCAT("CRFT-",A17) -> CRFT-016 | C17: Medium Ammo
A18: 017 | B18: =_xlfn.CONCAT("CRFT-",A18) -> CRFT-017 | C18: Shotgun Ammo
A19: 018 | B19: =_xlfn.CONCAT("CRFT-",A19) -> CRFT-018 | C19: Light Impact Grenade
A20: 019 | B20: =_xlfn.CONCAT("CRFT-",A20) -> CRFT-019 | C20: Shield Recharger
... A72: 071 | B72: =_xlfn.CONCAT("CRFT-",A72) -> CRFT-071 | C72: Zipline

Sheet 02_Location
A1: LocationID | B1: LocationName
A2: LOC-001 | B2: ARC
A3: LOC-002 | B3: Commercial
A4: LOC-003 | B4: Electrical
A5: LOC-004 | B5: Exodus
A6: LOC-005 | B6: Industrial
A7: LOC-006 | B7: Mechanical
A8: LOC-007 | B8: Medical
A9: LOC-008 | B9: Nature
A10: LOC-009 | B10: Residential
A11: LOC-010 | B11: Security
A12: LOC-011 | B12: Technological
A13: LOC-012 | B13: Raider

Sheet 03_Component
A1: Numeric | B1: ComponentID | C1: ComponentName | D1: ComponentRarity | E1: ComponentSellPrice
A2: 001 | B2: COMP-001 | C2: Advanced ARC Powercell | D2: Blue | E2: 640
A3: 002 | B3: COMP-002 | C3: Advanced Electrical Components | D3: Blue | E3: 1750
A4: 003 | B4: COMP-003 | C4: Advanced Mechanical Components | D4: Blue | E4: 1750
A5: 004 | B5: COMP-004 | C5: Agave | D5: Green | E5: 1000
A6: 005 | B6: COMP-005 | C6: Air Freshener | D6: Gray | E6: 2000
A7: 006 | B7: COMP-006 | C7: Alarm Clock | D7: Blue | E7: 1000
A8: 007 | B8: COMP-007 | C8: Antiseptic | D8: Blue | E8: 1000
A9: 008 | B9: COMP-008 | C9: Apricot | D9: Green | E9: 640
A10: 009 | B10: COMP-009 | C10: ARC Alloy | D10: Green | E10: 200
A11: 010 | B11: COMP-010 | C11: ARC Circuitry | D11: Blue | E11: 1000
A12: 011 | B12: COMP-011 | C12: ARC Coolant | D12: Blue | E12: 1000
A13: 012 | B13: COMP-012 | C13: ARC Flex Rubber | D13: Blue | E13: 1000
... A23: 022 | B23: COMP-022 | C23: Bloated Tuna Can | D23: Gray | E23: 1000
A24: 023 | B24: COMP-023 | C24: Blown Fuses | D24: Gray | E24: NA
A25: 024 | B25: COMP-024 | C25: Bombardier Cell | D25: Pink | E25: 5000
A26: 025 | B26: COMP-025 | C26: Breathtaking Snow Globe | D26: Pink | E26: 7000
A27: 026 | B27: COMP-026 | C27: Broken Flashlight | D27: Blue | E27: 1000
A28: 027 | B28: COMP-027 | C28: Broken Handheld Radio | D28: Blue | E28: 1000
A29: 028 | B29: COMP-028 | C29: Broken Riot Shield | D29: Blue | E29: NA
A30: 029 | B30: COMP-029 | C30: Broken Taser | D30: Blue | E30: 1000
A31: 030 | B31: COMP-030 | C31: Burned ARC Circuitry | D31: Green | E31: 640
A32: 031 | B32: COMP-031 | C32: Camera Lens | D32: Green | E32: 640
A33: 032 | B33: COMP-032 | C33: Candle Holder | D33: Green | E33: 270
A34: 033 | B34: COMP-033 | C34: Canister | D34: Green | E34: 300
A35: 034 | B35: COMP-034 | C35: Cat Bed | D35: Gray | E35: 1000
A36: 035 | B36: COMP-035 | C36: Chemicals | D36: Gray | E36: 50
A37: 036 | B37: COMP-036 | C37: Coffee Pot | D37: Gray | E37: 2000
A38: 037 | B38: COMP-037 | C38: Complex Gun Parts | D38: Pink | E38: 1000
A39: 038 | B39: COMP-038 | C39: Coolant | D39: Blue | E39: 1000
A40: 039 | B40: COMP-039 | C40: Cooling Coil | D40: Blue | E40: 1000
A41: 040 | B41: COMP-040 | C41: Cooling Fan | D41: Blue | E41: 2000
... A176: 175 | B176: COMP-175 | C176: Wires | D176: Green | E176: 200

Sheet 04_ComponentUsage
A1: UsageID | B1: ComponentID | C1: CraftableID | D1: UsageQuantity | F1: Component Name (Plaintext) | G1: Craftable Name (Plaintext)
A2: USE-001 | B2: =_xlfn.XLOOKUP($F2,'03_Component'!$C:$C,'03_Component'!$B:$B) -> COMP-009 | C2: =_xlfn.XLOOKUP($G2,'01_Craftable'!$C:$C,'01_Craftable'!$B:$B) -> CRFT-001 | D2: 6 | F2: ARC Alloy | G2: Explosives Station
A3: USE-002 | B3: =_xlfn.XLOOKUP($F3,'03_Component'!$C:$C,'03_Component'!$B:$B) -> COMP-035 | C3: =_xlfn.XLOOKUP($G3,'01_Craftable'!$C:$C,'01_Craftable'!$B:$B) -> CRFT-001 | D3: 50 | F3: Chemicals | G3: Explosives Station
A4: USE-003 | B4: =_xlfn.XLOOKUP($F4,'03_Component'!$C:$C,'03_Component'!$B:$B) -> COMP-042 | C4: =_xlfn.XLOOKUP($G4,'01_Craftable'!$C:$C,'01_Craftable'!$B:$B) -> CRFT-001 | D4: 5 | F4: Crude Explosives | G4: Explosives Station
A5: USE-004 | B5: =_xlfn.XLOOKUP($F5,'03_Component'!$C:$C,'03_Component'!$B:$B) -> COMP-064 | C5: =_xlfn.XLOOKUP($G5,'01_Craftable'!$C:$C,'01_Craftable'!$B:$B) -> CRFT-001 | D5: 5 | F5: Explosive Compound | G5: Explosives Station
A6: USE-005 | B6: =_xlfn.XLOOKUP($F6,'03_Component'!$C:$C,'03_Component'!$B:$B) -> COMP-085 | C6: =_xlfn.XLOOKUP($G6,'01_Craftable'!$C:$C,'01_Craftable'!$B:$B) -> CRFT-001 | D6: 3 | F6: Laboratory Reagents | G6: Explosives Station
A7: USE-006 | B7: =_xlfn.XLOOKUP($F7,'03_Component'!$C:$C,'03_Component'!$B:$B) -> COMP-110 | C7: =_xlfn.XLOOKUP($G7,'01_Craftable'!$C:$C,'01_Craftable'!$B:$B) -> CRFT-001 | D7: 5 | F7: Pop Trigger | G7: Explosives Station
A8: USE-007 | B8: =_xlfn.XLOOKUP($F8,'03_Component'!$C:$C,'03_Component'!$B:$B) -> COMP-125 | C8: =_xlfn.XLOOKUP($G8,'01_Craftable'!$C:$C,'01_Craftable'!$B:$B) -> CRFT-001 | D8: 3 | F8: Rocketeer Driver | G8: Explosives Station
A9: USE-008 | B9: =_xlfn.XLOOKUP($F9,'03_Component'!$C:$C,'03_Component'!$B:$B) -> COMP-157 | C9: =_xlfn.XLOOKUP($G9,'01_Craftable'!$C:$C,'01_Craftable'!$B:$B) -> CRFT-001 | D9: 3 | F9: Synthesized Fuel | G9: Explosives Station
A10: USE-009 | B10: =_xlfn.XLOOKUP($F10,'03_Component'!$C:$C,'03_Component'!$B:$B) -> COMP-002 | C10: =_xlfn.XLOOKUP($G10,'01_Craftable'!$C:$C,'01_Craftable'!$B:$B) -> CRFT-002 | D10: 5 | F10: Advanced Electrical Components | G10: Gear Bench
A11: USE-010 | B11: =_xlfn.XLOOKUP($F11,'03_Component'!$C:$C,'03_Component'!$B:$B) -> COMP-019 | C11: =_xlfn.XLOOKUP($G11,'01_Craftable'!$C:$C,'01_Craftable'!$B:$B) -> CRFT-002 | D11: 6 | F11: Bastion Cell | G11: Gear Bench
A12: USE-011 | B12: =_xlfn.XLOOKUP($F12,'03_Component'!$C:$C,'03_Component'!$B:$B) -> COMP-059 | C12: =_xlfn.XLOOKUP($G12,'01_Craftable'!$C:$C,'01_Craftable'!$B:$B) -> CRFT-002 | D12: 5 | F12: Electrical Components | G12: Gear Bench
A13: USE-012 | B13: =_xlfn.XLOOKUP($F13,'03_Component'!$C:$C,'03_Component'!$B:$B) -> COMP-065 | C13: =_xlfn.XLOOKUP($G13,'01_Craftable'!$C:$C,'01_Craftable'!$B:$B) -> CRFT-002 | D13: 30 | F13: Fabric | G13: Gear Bench
... A58: USE-057 | B58: =_xlfn.XLOOKUP($F58,'03_Component'!$C:$C,'03_Component'!$B:$B) -> COMP-150 | C58: =_xlfn.XLOOKUP($G58,'01_Craftable'!$C:$C,'01_Craftable'!$B:$B) -> CRFT-007 | D58: 6 | F58: Snitch Scanner | G58: Utility Station
A59: {="USE-" & TEXT(ROW()-ROW(tblComponentUsage[#Headers]),"000")} -> USE-058 | B59: =_xlfn.XLOOKUP($F59,'03_Component'!$C:$C,'03_Component'!$B:$B) -> COMP-107 | C59: =_xlfn.XLOOKUP($G59,'01_Craftable'!$C:$C,'01_Craftable'!$B:$B) -> CRFT-008 | D59: 6 | F59: Plastic Parts | G59: Looting Mk.1
A60: {="USE-" & TEXT(ROW()-ROW(tblComponentUsage[#Headers]),"000")} -> USE-059 | B60: =_xlfn.XLOOKUP($F60,'03_Component'!$C:$C,'03_Component'!$B:$B) -> COMP-133 | C60: =_xlfn.XLOOKUP($G60,'01_Craftable'!$C:$C,'01_Craftable'!$B:$B) -> CRFT-008 | D60: 6 | F60: Rubber Parts | G60: Looting Mk.1
A61: {="USE-" & TEXT(ROW()-ROW(tblComponentUsage[#Headers]),"000")} -> USE-060 | B61: =_xlfn.XLOOKUP($F61,'03_Component'!$C:$C,'03_Component'!$B:$B) -> COMP-009 | C61: =_xlfn.XLOOKUP($G61,'01_Craftable'!$C:$C,'01_Craftable'!$B:$B) -> CRFT-009 | D61: 2 | F61: ARC Alloy | G61: Light Shield
A62: {="USE-" & TEXT(ROW()-ROW(tblComponentUsage[#Headers]),"000")} -> USE-061 | B62: =_xlfn.XLOOKUP($F62,'03_Component'!$C:$C,'03_Component'!$B:$B) -> COMP-107 | C62: =_xlfn.XLOOKUP($G62,'01_Craftable'!$C:$C,'01_Craftable'!$B:$B) -> CRFT-009 | D62: 4 | F62: Plastic Parts | G62: Light Shield
A63: {="USE-" & TEXT(ROW()-ROW(tblComponentUsage[#Headers]),"000")} -> USE-062 | B63: =_xlfn.XLOOKUP($F63,'03_Component'!$C:$C,'03_Component'!$B:$B) -> COMP-096 | C63: =_xlfn.XLOOKUP($G63,'01_Craftable'!$C:$C,'01_Craftable'!$B:$B) -> CRFT-010 | D63: 5 | F63: Metal Parts | G63: Ferro I
A64: {="USE-" & TEXT(ROW()-ROW(tblComponentUsage[#Headers]),"000")} -> USE-063 | B64: =_xlfn.XLOOKUP($F64,'03_Component'!$C:$C,'03_Component'!$B:$B) -> COMP-133 | C64: =_xlfn.XLOOKUP($G64,'01_Craftable'!$C:$C,'01_Craftable'!$B:$B) -> CRFT-010 | D64: 2 | F64: Rubber Parts | G64: Ferro I
A65: {="USE-" & TEXT(ROW()-ROW(tblComponentUsage[#Headers]),"000")} -> USE-064 | B65: =_xlfn.XLOOKUP($F65,'03_Component'!$C:$C,'03_Component'!$B:$B) -> COMP-096 | C65: =_xlfn.XLOOKUP($G65,'01_Craftable'!$C:$C,'01_Craftable'!$B:$B) -> CRFT-011 | D65: 2 | F65: Metal Parts | G65: Hairpin I
A66: {="USE-" & TEXT(ROW()-ROW(tblComponentUsage[#Headers]),"000")} -> USE-065 | B66: =_xlfn.XLOOKUP($F66,'03_Component'!$C:$C,'03_Component'!$B:$B) -> COMP-107 | C66: =_xlfn.XLOOKUP($G66,'01_Craftable'!$C:$C,'01_Craftable'!$B:$B) -> CRFT-011 | D66: 5 | F66: Plastic Parts | G66: Hairpin I
A67: {="USE-" & TEXT(ROW()-ROW(tblComponentUsage[#Headers]),"000")} -> USE-066 | B67: =_xlfn.XLOOKUP($F67,'03_Component'!$C:$C,'03_Component'!$B:$B) -> COMP-096 | C67: =_xlfn.XLOOKUP($G67,'01_Craftable'!$C:$C,'01_Craftable'!$B:$B) -> CRFT-012 | D67: 6 | F67: Metal Parts | G67: Kettle I
A68: {="USE-" & TEXT(ROW()-ROW(tblComponentUsage[#Headers]),"000")} -> USE-067 | B68: =_xlfn.XLOOKUP($F68,'03_Component'!$C:$C,'03_Component'!$B:$B) -> COMP-133 | C68: =_xlfn.XLOOKUP($G68,'01_Craftable'!$C:$C,'01_Craftable'!$B:$B) -> CRFT-012 | D68: 8 | F68: Rubber Parts | G68: Kettle I
A69: {="USE-" & TEXT(ROW()-ROW(tblComponentUsage[#Headers]),"000")} -> USE-068 | B69: =_xlfn.XLOOKUP($F69,'03_Component'!$C:$C,'03_Component'!$B:$B) -> COMP-096 | C69: =_xlfn.XLOOKUP($G69,'01_Craftable'!$C:$C,'01_Craftable'!$B:$B) -> CRFT-013 | D69: 8 | F69: Metal Parts | G69: Stitcher I
A70: {="USE-" & TEXT(ROW()-ROW(tblComponentUsage[#Headers]),"000")} -> USE-069 | B70: =_xlfn.XLOOKUP($F70,'03_Component'!$C:$C,'03_Component'!$B:$B) -> COMP-133 | C70: =_xlfn.XLOOKUP($G70,'01_Craftable'!$C:$C,'01_Craftable'!$B:$B) -> CRFT-013 | D70: 4 | F70: Rubber Parts | G70: Stitcher I
... A183: {="USE-" & TEXT(ROW()-ROW(tblComponentUsage[#Headers]),"000")} -> USE-182 | B183: =_xlfn.XLOOKUP($F183,'03_Component'!$C:$C,'03_Component'!$B:$B) -> COMP-093 | C183: =_xlfn.XLOOKUP($G183,'01_Craftable'!$C:$C,'01_Craftable'!$B:$B) -> CRFT-071 | D183: 1 | F183: Mechanical Components | G183: Zipline

Sheet 05_ComponentLocation
A1: numeric | B1: CompLocID | C1: ComponentID | D1: LocationID | F1: Component Name (Plaintext) | G1: Location Name (Plaintext)
A2: 001 | B2: =_xlfn.CONCAT("CL-",A2) -> CL-001 | C2: =_xlfn.XLOOKUP($F2,'03_Component'!$C:$C,'03_Component'!$B:$B) -> COMP-001 | D2: =_xlfn.XLOOKUP($G2,'02_Location'!$B:$B,'02_Location'!$A:$A) -> LOC-001 | F2: Advanced ARC Powercell | G2: ARC
A3: 002 | B3: =_xlfn.CONCAT("CL-",A3) -> CL-002 | C3: =_xlfn.XLOOKUP($F3,'03_Component'!$C:$C,'03_Component'!$B:$B) -> COMP-002 | D3: =_xlfn.XLOOKUP($G3,'02_Location'!$B:$B,'02_Location'!$A:$A) -> LOC-003 | F3: Advanced Electrical Components | G3: Electrical
A4: 003 | B4: =_xlfn.CONCAT("CL-",A4) -> CL-003 | C4: =_xlfn.XLOOKUP($F4,'03_Component'!$C:$C,'03_Component'!$B:$B) -> COMP-003 | D4: =_xlfn.XLOOKUP($G4,'02_Location'!$B:$B,'02_Location'!$A:$A) -> LOC-006 | F4: Advanced Mechanical Components | G4: Mechanical
A5: 004 | B5: =_xlfn.CONCAT("CL-",A5) -> CL-004 | C5: =_xlfn.XLOOKUP($F5,'03_Component'!$C:$C,'03_Component'!$B:$B) -> COMP-004 | D5: =_xlfn.XLOOKUP($G5,'02_Location'!$B:$B,'02_Location'!$A:$A) -> 0 | F5: Agave
A6: 005 | B6: =_xlfn.CONCAT("CL-",A6) -> CL-005 | C6: =_xlfn.XLOOKUP($F6,'03_Component'!$C:$C,'03_Component'!$B:$B) -> COMP-005 | D6: =_xlfn.XLOOKUP($G6,'02_Location'!$B:$B,'02_Location'!$A:$A) -> 0 | F6: Air Freshener
A7: 006 | B7: =_xlfn.CONCAT("CL-",A7) -> CL-006 | C7: =_xlfn.XLOOKUP($F7,'03_Component'!$C:$C,'03_Component'!$B:$B) -> COMP-006 | D7: =_xlfn.XLOOKUP($G7,'02_Location'!$B:$B,'02_Location'!$A:$A) -> 0 | F7: Alarm Clock
A8: 007 | B8: =_xlfn.CONCAT("CL-",A8) -> CL-007 | C8: =_xlfn.XLOOKUP($F8,'03_Component'!$C:$C,'03_Component'!$B:$B) -> COMP-007 | D8: =_xlfn.XLOOKUP($G8,'02_Location'!$B:$B,'02_Location'!$A:$A) -> LOC-007 | F8: Antiseptic | G8: Medical
A9: 008 | B9: =_xlfn.CONCAT("CL-",A9) -> CL-008 | C9: =_xlfn.XLOOKUP($F9,'03_Component'!$C:$C,'03_Component'!$B:$B) -> COMP-008 | D9: =_xlfn.XLOOKUP($G9,'02_Location'!$B:$B,'02_Location'!$A:$A) -> LOC-008 | F9: Apricot | G9: Nature
A10: 009 | B10: =_xlfn.CONCAT("CL-",A10) -> CL-009 | C10: =_xlfn.XLOOKUP($F10,'03_Component'!$C:$C,'03_Component'!$B:$B) -> COMP-009 | D10: =_xlfn.XLOOKUP($G10,'02_Location'!$B:$B,'02_Location'!$A:$A) -> LOC-001 | F10: ARC Alloy | G10: ARC
A11: 010 | B11: =_xlfn.CONCAT("CL-",A11) -> CL-010 | C11: =_xlfn.XLOOKUP($F11,'03_Component'!$C:$C,'03_Component'!$B:$B) -> COMP-010 | D11: =_xlfn.XLOOKUP($G11,'02_Location'!$B:$B,'02_Location'!$A:$A) -> LOC-001 | F11: ARC Circuitry | G11: ARC
A12: 011 | B12: =_xlfn.CONCAT("CL-",A12) -> CL-011 | C12: =_xlfn.XLOOKUP($F12,'03_Component'!$C:$C,'03_Component'!$B:$B) -> COMP-011 | D12: =_xlfn.XLOOKUP($G12,'02_Location'!$B:$B,'02_Location'!$A:$A) -> 0 | F12: ARC Coolant
A13: 012 | B13: =_xlfn.CONCAT("CL-",A13) -> CL-012 | C13: =_xlfn.XLOOKUP($F13,'03_Component'!$C:$C,'03_Component'!$B:$B) -> COMP-012 | D13: =_xlfn.XLOOKUP($G13,'02_Location'!$B:$B,'02_Location'!$A:$A) -> LOC-001 | F13: ARC Flex Rubber | G13: ARC
A14: 013 | B14: =_xlfn.CONCAT("CL-",A14) -> CL-013 | C14: =_xlfn.XLOOKUP($F14,'03_Component'!$C:$C,'03_Component'!$B:$B) -> COMP-013 | D14: =_xlfn.XLOOKUP($G14,'02_Location'!$B:$B,'02_Location'!$A:$A) -> LOC-001 | F14: ARC Motion Core | G14: ARC
A15: 014 | B15: =_xlfn.CONCAT("CL-",A15) -> CL-014 | C15: =_xlfn.XLOOKUP($F15,'03_Component'!$C:$C,'03_Component'!$B:$B) -> COMP-014 | D15: =_xlfn.XLOOKUP($G15,'02_Location'!$B:$B,'02_Location'!$A:$A) -> LOC-001 | F15: ARC Performance Steel | G15: ARC
A16: 015 | B16: =_xlfn.CONCAT("CL-",A16) -> CL-015 | C16: =_xlfn.XLOOKUP($F16,'03_Component'!$C:$C,'03_Component'!$B:$B) -> COMP-015 | D16: =_xlfn.XLOOKUP($G16,'02_Location'!$B:$B,'02_Location'!$A:$A) -> LOC-001 | F16: ARC Powercell | G16: ARC
A17: 016 | B17: =_xlfn.CONCAT("CL-",A17) -> CL-016 | C17: =_xlfn.XLOOKUP($F17,'03_Component'!$C:$C,'03_Component'!$B:$B) -> COMP-016 | D17: =_xlfn.XLOOKUP($G17,'02_Location'!$B:$B,'02_Location'!$A:$A) -> LOC-001 | F17: ARC Synthetic Resin | G17: ARC
A18: 017 | B18: =_xlfn.CONCAT("CL-",A18) -> CL-017 | C18: =_xlfn.XLOOKUP($F18,'03_Component'!$C:$C,'03_Component'!$B:$B) -> COMP-017 | D18: =_xlfn.XLOOKUP($G18,'02_Location'!$B:$B,'02_Location'!$A:$A) -> LOC-001 | F18: ARC Thermo Lining | G18: ARC
A19: 018 | B19: =_xlfn.CONCAT("CL-",A19) -> CL-018 | C19: =_xlfn.XLOOKUP($F19,'03_Component'!$C:$C,'03_Component'!$B:$B) -> COMP-018 | D19: =_xlfn.XLOOKUP($G19,'02_Location'!$B:$B,'02_Location'!$A:$A) -> LOC-008 | F19: Assorted Seeds | G19: Nature
A20: 019 | B20: =_xlfn.CONCAT("CL-",A20) -> CL-019 | C20: =_xlfn.XLOOKUP($F20,'03_Component'!$C:$C,'03_Component'!$B:$B) -> COMP-019 | D20: =_xlfn.XLOOKUP($G20,'02_Location'!$B:$B,'02_Location'!$A:$A) -> 0 | F20: Bastion Cell
A21: 020 | B21: =_xlfn.CONCAT("CL-",A21) -> CL-020 | C21: =_xlfn.XLOOKUP($F21,'03_Component'!$C:$C,'03_Component'!$B:$B) -> COMP-020 | D21: =_xlfn.XLOOKUP($G21,'02_Location'!$B:$B,'02_Location'!$A:$A) -> LOC-011 | F21: Battery | G21: Technological
A22: 021 | B22: =_xlfn.CONCAT("CL-",A22) -> CL-021 | C22: =_xlfn.XLOOKUP($F22,'03_Component'!$C:$C,'03_Component'!$B:$B) -> COMP-020 | D22: =_xlfn.XLOOKUP($G22,'02_Location'!$B:$B,'02_Location'!$A:$A) -> LOC-003 | F22: Battery | G22: Electrical
A23: 022 | B23: =_xlfn.CONCAT("CL-",A23) -> CL-022 | C23: =_xlfn.XLOOKUP($F23,'03_Component'!$C:$C,'03_Component'!$B:$B) -> COMP-021 | D23: =_xlfn.XLOOKUP($G23,'02_Location'!$B:$B,'02_Location'!$A:$A) -> 0 | F23: Bicycle Pump
A24: 023 | B24: =_xlfn.CONCAT("CL-",A24) -> CL-023 | C24: =_xlfn.XLOOKUP($F24,'03_Component'!$C:$C,'03_Component'!$B:$B) -> COMP-022 | D24: =_xlfn.XLOOKUP($G24,'02_Location'!$B:$B,'02_Location'!$A:$A) -> 0 | F24: Bloated Tuna Can
A25: 024 | B25: =_xlfn.CONCAT("CL-",A25) -> CL-024 | C25: =_xlfn.XLOOKUP($F25,'03_Component'!$C:$C,'03_Component'!$B:$B) -> COMP-023 | D25: =_xlfn.XLOOKUP($G25,'02_Location'!$B:$B,'02_Location'!$A:$A) -> 0 | F25: Blown Fuses
A26: 025 | B26: =_xlfn.CONCAT("CL-",A26) -> CL-025 | C26: =_xlfn.XLOOKUP($F26,'03_Component'!$C:$C,'03_Component'!$B:$B) -> COMP-024 | D26: =_xlfn.XLOOKUP($G26,'02_Location'!$B:$B,'02_Location'!$A:$A) -> 0 | F26: Bombardier Cell
A27: 026 | B27: =_xlfn.CONCAT("CL-",A27) -> CL-026 | C27: =_xlfn.XLOOKUP($F27,'03_Component'!$C:$C,'03_Component'!$B:$B) -> COMP-025 | D27: =_xlfn.XLOOKUP($G27,'02_Location'!$B:$B,'02_Location'!$A:$A) -> 0 | F27: Breathtaking Snow Globe
A28: 027 | B28: =_xlfn.CONCAT("CL-",A28) -> CL-027 | C28: =_xlfn.XLOOKUP($F28,'03_Component'!$C:$C,'03_Component'!$B:$B) -> COMP-026 | D28: =_xlfn.XLOOKUP($G28,'02_Location'!$B:$B,'02_Location'!$A:$A) -> 0 | F28: Broken Flashlight
A29: 028 | B29: =_xlfn.CONCAT("CL-",A29) -> CL-028 | C29: =_xlfn.XLOOKUP($F29,'03_Component'!$C:$C,'03_Component'!$B:$B) -> COMP-027 | D29: =_xlfn.XLOOKUP($G29,'02_Location'!$B:$B,'02_Location'!$A:$A) -> 0 | F29: Broken Handheld Radio
A30: 029 | B30: =_xlfn.CONCAT("CL-",A30) -> CL-029 | C30: =_xlfn.XLOOKUP($F30,'03_Component'!$C:$C,'03_Component'!$B:$B) -> COMP-028 | D30: =_xlfn.XLOOKUP($G30,'02_Location'!$B:$B,'02_Location'!$A:$A) -> 0 | F30: Broken Riot Shield
A31: 030 | B31: =_xlfn.CONCAT("CL-",A31) -> CL-030 | C31: =_xlfn.XLOOKUP($F31,'03_Component'!$C:$C,'03_Component'!$B:$B) -> COMP-029 | D31: =_xlfn.XLOOKUP($G31,'02_Location'!$B:$B,'02_Location'!$A:$A) -> 0 | F31: Broken Taser
A32: 031 | B32: =_xlfn.CONCAT("CL-",A32) -> CL-031 | C32: =_xlfn.XLOOKUP($F32,'03_Component'!$C:$C,'03_Component'!$B:$B) -> COMP-030 | D32: =_xlfn.XLOOKUP($G32,'02_Location'!$B:$B,'02_Location'!$A:$A) -> 0 | F32: Burned ARC Circuitry
A33: 032 | B33: =_xlfn.CONCAT("CL-",A33) -> CL-032 | C33: =_xlfn.XLOOKUP($F33,'03_Component'!$C:$C,'03_Component'!$B:$B) -> COMP-031 | D33: =_xlfn.XLOOKUP($G33,'02_Location'!$B:$B,'02_Location'!$A:$A) -> 0 | F33: Camera Lens
A34: 033 | B34: =_xlfn.CONCAT("CL-",A34) -> CL-033 | C34: =_xlfn.XLOOKUP($F34,'03_Component'!$C:$C,'03_Component'!$B:$B) -> COMP-032 | D34: =_xlfn.XLOOKUP($G34,'02_Location'!$B:$B,'02_Location'!$A:$A) -> 0 | F34: Candle Holder
A35: 034 | B35: =_xlfn.CONCAT("CL-",A35) -> CL-034 | C35: =_xlfn.XLOOKUP($F35,'03_Component'!$C:$C,'03_Component'!$B:$B) -> COMP-033 | D35: =_xlfn.XLOOKUP($G35,'02_Location'!$B:$B,'02_Location'!$A:$A) -> LOC-002 | F35: Canister | G35: Commercial
A36: 035 | B36: =_xlfn.CONCAT("CL-",A36) -> CL-035 | C36: =_xlfn.XLOOKUP($F36,'03_Component'!$C:$C,'03_Component'!$B:$B) -> COMP-034 | D36: =_xlfn.XLOOKUP($G36,'02_Location'!$B:$B,'02_Location'!$A:$A) -> LOC-009 | F36: Cat Bed | G36: Residential
A37: 036 | B37: =_xlfn.CONCAT("CL-",A37) -> CL-036 | C37: =_xlfn.XLOOKUP($F37,'03_Component'!$C:$C,'03_Component'!$B:$B) -> COMP-034 | D37: =_xlfn.XLOOKUP($G37,'02_Location'!$B:$B,'02_Location'!$A:$A) -> LOC-002 | F37: Cat Bed | G37: Commercial
A38: 037 | B38: =_xlfn.CONCAT("CL-",A38) -> CL-037 | C38: =_xlfn.XLOOKUP($F38,'03_Component'!$C:$C,'03_Component'!$B:$B) -> COMP-035 | D38: =_xlfn.XLOOKUP($G38,'02_Location'!$B:$B,'02_Location'!$A:$A) -> LOC-007 | F38: Chemicals | G38: Medical
A39: 038 | B39: =_xlfn.CONCAT("CL-",A39) -> CL-038 | C39: =_xlfn.XLOOKUP($F39,'03_Component'!$C:$C,'03_Component'!$B:$B) -> COMP-035 | D39: =_xlfn.XLOOKUP($G39,'02_Location'!$B:$B,'02_Location'!$A:$A) -> LOC-009 | F39: Chemicals | G39: Residential
A40: 039 | B40: =_xlfn.CONCAT("CL-",A40) -> CL-039 | C40: =_xlfn.XLOOKUP($F40,'03_Component'!$C:$C,'03_Component'!$B:$B) -> COMP-035 | D40: =_xlfn.XLOOKUP($G40,'02_Location'!$B:$B,'02_Location'!$A:$A) -> LOC-006 | F40: Chemicals | G40: Mechanical
A41: 040 | B41: =_xlfn.CONCAT("CL-",A41) -> CL-040 | C41: =_xlfn.XLOOKUP($F41,'03_Component'!$C:$C,'03_Component'!$B:$B) -> COMP-036 | D41: =_xlfn.XLOOKUP($G41,'02_Location'!$B:$B,'02_Location'!$A:$A) -> 0 | F41: Coffee Pot
A42: 041 | B42: =_xlfn.CONCAT("CL-",A42) -> CL-041 | C42: =_xlfn.XLOOKUP($F42,'03_Component'!$C:$C,'03_Component'!$B:$B) -> COMP-037 | D42: =_xlfn.XLOOKUP($G42,'02_Location'!$B:$B,'02_Location'!$A:$A) -> LOC-010 | F42: Complex Gun Parts | G42: Security
A43: 042 | B43: =_xlfn.CONCAT("CL-",A43) -> CL-042 | C43: =_xlfn.XLOOKUP($F43,'03_Component'!$C:$C,'03_Component'!$B:$B) -> COMP-038 | D43: =_xlfn.XLOOKUP($G43,'02_Location'!$B:$B,'02_Location'!$A:$A) -> 0 | F43: Coolant
A44: 043 | B44: =_xlfn.CONCAT("CL-",A44) -> CL-043 | C44: =_xlfn.XLOOKUP($F44,'03_Component'!$C:$C,'03_Component'!$B:$B) -> COMP-039 | D44: =_xlfn.XLOOKUP($G44,'02_Location'!$B:$B,'02_Location'!$A:$A) -> 0 | F44: Cooling Coil
A45: 044 | B45: =_xlfn.CONCAT("CL-",A45) -> CL-044 | C45: =_xlfn.XLOOKUP($F45,'03_Component'!$C:$C,'03_Component'!$B:$B) -> COMP-040 | D45: =_xlfn.XLOOKUP($G45,'02_Location'!$B:$B,'02_Location'!$A:$A) -> 0 | F45: Cooling Fan
A46: 045 | B46: =_xlfn.CONCAT("CL-",A46) -> CL-045 | C46: =_xlfn.XLOOKUP($F46,'03_Component'!$C:$C,'03_Component'!$B:$B) -> COMP-041 | D46: =_xlfn.XLOOKUP($G46,'02_Location'!$B:$B,'02_Location'!$A:$A) -> LOC-007 | F46: Cracked Bioscanner | G46: Medical
A47: 046 | B47: =_xlfn.CONCAT("CL-",A47) -> CL-046 | C47: =_xlfn.XLOOKUP($F47,'03_Component'!$C:$C,'03_Component'!$B:$B) -> COMP-042 | D47: =_xlfn.XLOOKUP($G47,'02_Location'!$B:$B,'02_Location'!$A:$A) -> LOC-010 | F47: Crude Explosives | G47: Security
A48: 047 | B48: =_xlfn.CONCAT("CL-",A48) -> CL-047 | C48: =_xlfn.XLOOKUP($F48,'03_Component'!$C:$C,'03_Component'!$B:$B) -> COMP-042 | D48: =_xlfn.XLOOKUP($G48,'02_Location'!$B:$B,'02_Location'!$A:$A) -> LOC-005 | F48: Crude Explosives | G48: Industrial
A49: 048 | B49: =_xlfn.CONCAT("CL-",A49) -> CL-048 | C49: =_xlfn.XLOOKUP($F49,'03_Component'!$C:$C,'03_Component'!$B:$B) -> COMP-043 | D49: =_xlfn.XLOOKUP($G49,'02_Location'!$B:$B,'02_Location'!$A:$A) -> 0 | F49: Crumpled Plastic Bottle
A50: 049 | B50: =_xlfn.CONCAT("CL-",A50) -> CL-049 | C50: =_xlfn.XLOOKUP($F50,'03_Component'!$C:$C,'03_Component'!$B:$B) -> COMP-044 | D50: =_xlfn.XLOOKUP($G50,'02_Location'!$B:$B,'02_Location'!$A:$A) -> 0 | F50: Damaged ARC Motion Core
A51: 050 | B51: =_xlfn.CONCAT("CL-",A51) -> CL-050 | C51: =_xlfn.XLOOKUP($F51,'03_Component'!$C:$C,'03_Component'!$B:$B) -> COMP-045 | D51: =_xlfn.XLOOKUP($G51,'02_Location'!$B:$B,'02_Location'!$A:$A) -> 0 | F51: Damaged ARC Powercell
A52: 051 | B52: =_xlfn.CONCAT("CL-",A52) -> CL-051 | C52: =_xlfn.XLOOKUP($F52,'03_Component'!$C:$C,'03_Component'!$B:$B) -> COMP-046 | D52: =_xlfn.XLOOKUP($G52,'02_Location'!$B:$B,'02_Location'!$A:$A) -> 0 | F52: Damaged Fireball Burner
A53: 052 | B53: =_xlfn.CONCAT("CL-",A53) -> CL-052 | C53: =_xlfn.XLOOKUP($F53,'03_Component'!$C:$C,'03_Component'!$B:$B) -> COMP-047 | D53: =_xlfn.XLOOKUP($G53,'02_Location'!$B:$B,'02_Location'!$A:$A) -> LOC-011 | F53: Damaged Heat Sink | G53: Technological
A54: 053 | B54: =_xlfn.CONCAT("CL-",A54) -> CL-053 | C54: =_xlfn.XLOOKUP($F54,'03_Component'!$C:$C,'03_Component'!$B:$B) -> COMP-048 | D54: =_xlfn.XLOOKUP($G54,'02_Location'!$B:$B,'02_Location'!$A:$A) -> 0 | F54: Damaged Hornet Driver
A55: 054 | B55: =_xlfn.CONCAT("CL-",A55) -> CL-054 | C55: =_xlfn.XLOOKUP($F55,'03_Component'!$C:$C,'03_Component'!$B:$B) -> COMP-049 | D55: =_xlfn.XLOOKUP($G55,'02_Location'!$B:$B,'02_Location'!$A:$A) -> 0 | F55: Damaged Rocketeer Driver
A56: 055 | B56: =_xlfn.CONCAT("CL-",A56) -> CL-055 | C56: =_xlfn.XLOOKUP($F56,'03_Component'!$C:$C,'03_Component'!$B:$B) -> COMP-050 | D56: =_xlfn.XLOOKUP($G56,'02_Location'!$B:$B,'02_Location'!$A:$A) -> 0 | F56: Damaged Wasp Driver
A57: 056 | B57: =_xlfn.CONCAT("CL-",A57) -> CL-056 | C57: =_xlfn.XLOOKUP($F57,'03_Component'!$C:$C,'03_Component'!$B:$B) -> COMP-051 | D57: =_xlfn.XLOOKUP($G57,'02_Location'!$B:$B,'02_Location'!$A:$A) -> 0 | F57: Dart Board
A58: 057 | B58: =_xlfn.CONCAT("CL-",A58) -> CL-057 | C58: =_xlfn.XLOOKUP($F58,'03_Component'!$C:$C,'03_Component'!$B:$B) -> COMP-052 | D58: =_xlfn.XLOOKUP($G58,'02_Location'!$B:$B,'02_Location'!$A:$A) -> 0 | F58: Deflated Football
A59: 058 | B59: =_xlfn.CONCAT("CL-",A59) -> CL-058 | C59: =_xlfn.XLOOKUP($F59,'03_Component'!$C:$C,'03_Component'!$B:$B) -> COMP-053 | D59: =_xlfn.XLOOKUP($G59,'02_Location'!$B:$B,'02_Location'!$A:$A) -> 0 | F59: Degraded ARC Rubber
A60: 059 | B60: =_xlfn.CONCAT("CL-",A60) -> CL-059 | C60: =_xlfn.XLOOKUP($F60,'03_Component'!$C:$C,'03_Component'!$B:$B) -> COMP-054 | D60: =_xlfn.XLOOKUP($G60,'02_Location'!$B:$B,'02_Location'!$A:$A) -> 0 | F60: Diving Goggles
A61: 060 | B61: =_xlfn.CONCAT("CL-",A61) -> CL-060 | C61: =_xlfn.XLOOKUP($F61,'03_Component'!$C:$C,'03_Component'!$B:$B) -> COMP-055 | D61: =_xlfn.XLOOKUP($G61,'02_Location'!$B:$B,'02_Location'!$A:$A) -> 0 | F61: Dog Collar
A62: 061 | B62: =_xlfn.CONCAT("CL-",A62) -> CL-061 | C62: =_xlfn.XLOOKUP($F62,'03_Component'!$C:$C,'03_Component'!$B:$B) -> COMP-056 | D62: =_xlfn.XLOOKUP($G62,'02_Location'!$B:$B,'02_Location'!$A:$A) -> 0 | F62: Dried-Out ARC Resin
A63: 062 | B63: =_xlfn.CONCAT("CL-",A63) -> CL-062 | C63: =_xlfn.XLOOKUP($F63,'03_Component'!$C:$C,'03_Component'!$B:$B) -> COMP-057 | D63: =_xlfn.XLOOKUP($G63,'02_Location'!$B:$B,'02_Location'!$A:$A) -> LOC-009 | F63: Duct Tape | G63: Residential
A64: 063 | B64: =_xlfn.CONCAT("CL-",A64) -> CL-063 | C64: =_xlfn.XLOOKUP($F64,'03_Component'!$C:$C,'03_Component'!$B:$B) -> COMP-057 | D64: =_xlfn.XLOOKUP($G64,'02_Location'!$B:$B,'02_Location'!$A:$A) -> LOC-002 | F64: Duct Tape | G64: Commercial
A65: 064 | B65: =_xlfn.CONCAT("CL-",A65) -> CL-064 | C65: =_xlfn.XLOOKUP($F65,'03_Component'!$C:$C,'03_Component'!$B:$B) -> COMP-058 | D65: =_xlfn.XLOOKUP($G65,'02_Location'!$B:$B,'02_Location'!$A:$A) -> LOC-007 | F65: Durable Cloth | G65: Medical
A66: 065 | B66: =_xlfn.CONCAT("CL-",A66) -> CL-065 | C66: =_xlfn.XLOOKUP($F66,'03_Component'!$C:$C,'03_Component'!$B:$B) -> COMP-058 | D66: =_xlfn.XLOOKUP($G66,'02_Location'!$B:$B,'02_Location'!$A:$A) -> LOC-002 | F66: Durable Cloth | G66: Commercial
A67: 066 | B67: =_xlfn.CONCAT("CL-",A67) -> CL-066 | C67: =_xlfn.XLOOKUP($F67,'03_Component'!$C:$C,'03_Component'!$B:$B) -> COMP-059 | D67: =_xlfn.XLOOKUP($G67,'02_Location'!$B:$B,'02_Location'!$A:$A) -> LOC-003 | F67: Electrical Components | G67: Electrical
A68: 067 | B68: =_xlfn.CONCAT("CL-",A68) -> CL-067 | C68: =_xlfn.XLOOKUP($F68,'03_Component'!$C:$C,'03_Component'!$B:$B) -> COMP-060 | D68: =_xlfn.XLOOKUP($G68,'02_Location'!$B:$B,'02_Location'!$A:$A) -> 0 | F68: Empty Wine Bottle
A69: 068 | B69: =_xlfn.CONCAT("CL-",A69) -> CL-068 | C69: =_xlfn.XLOOKUP($F69,'03_Component'!$C:$C,'03_Component'!$B:$B) -> COMP-061 | D69: =_xlfn.XLOOKUP($G69,'02_Location'!$B:$B,'02_Location'!$A:$A) -> LOC-004 | F69: Exodus Modules | G69: Exodus
A70: 069 | B70: =_xlfn.CONCAT("CL-",A70) -> CL-069 | C70: =_xlfn.XLOOKUP($F70,'03_Component'!$C:$C,'03_Component'!$B:$B) -> COMP-062 | D70: =_xlfn.XLOOKUP($G70,'02_Location'!$B:$B,'02_Location'!$A:$A) -> 0 | F70: Expired Pasta
A71: 070 | B71: =_xlfn.CONCAT("CL-",A71) -> CL-070 | C71: =_xlfn.XLOOKUP($F71,'03_Component'!$C:$C,'03_Component'!$B:$B) -> COMP-063 | D71: =_xlfn.XLOOKUP($G71,'02_Location'!$B:$B,'02_Location'!$A:$A) -> 0 | F71: Expired Respirator
A72: 071 | B72: =_xlfn.CONCAT("CL-",A72) -> CL-071 | C72: =_xlfn.XLOOKUP($F72,'03_Component'!$C:$C,'03_Component'!$B:$B) -> COMP-064 | D72: =_xlfn.XLOOKUP($G72,'02_Location'!$B:$B,'02_Location'!$A:$A) -> LOC-005 | F72: Explosive Compound | G72: Industrial
A73: 072 | B73: =_xlfn.CONCAT("CL-",A73) -> CL-072 | C73: =_xlfn.XLOOKUP($F73,'03_Component'!$C:$C,'03_Component'!$B:$B) -> COMP-064 | D73: =_xlfn.XLOOKUP($G73,'02_Location'!$B:$B,'02_Location'!$A:$A) -> LOC-010 | F73: Explosive Compound | G73: Security
A74: 073 | B74: =_xlfn.CONCAT("CL-",A74) -> CL-073 | C74: =_xlfn.XLOOKUP($F74,'03_Component'!$C:$C,'03_Component'!$B:$B) -> COMP-065 | D74: =_xlfn.XLOOKUP($G74,'02_Location'!$B:$B,'02_Location'!$A:$A) -> LOC-002 | F74: Fabric | G74: Commercial
A75: 074 | B75: =_xlfn.CONCAT("CL-",A75) -> CL-074 | C75: =_xlfn.XLOOKUP($F75,'03_Component'!$C:$C,'03_Component'!$B:$B) -> COMP-065 | D75: =_xlfn.XLOOKUP($G75,'02_Location'!$B:$B,'02_Location'!$A:$A) -> LOC-007 | F75: Fabric | G75: Medical
A76: 075 | B76: =_xlfn.CONCAT("CL-",A76) -> CL-075 | C76: =_xlfn.XLOOKUP($F76,'03_Component'!$C:$C,'03_Component'!$B:$B) -> COMP-065 | D76: =_xlfn.XLOOKUP($G76,'02_Location'!$B:$B,'02_Location'!$A:$A) -> LOC-009 | F76: Fabric | G76: Residential
A77: 076 | B77: =_xlfn.CONCAT("CL-",A77) -> CL-076 | C77: =_xlfn.XLOOKUP($F77,'03_Component'!$C:$C,'03_Component'!$B:$B) -> COMP-066 | D77: =_xlfn.XLOOKUP($G77,'02_Location'!$B:$B,'02_Location'!$A:$A) -> 0 | F77: Faded Photograph
A78: 077 | B78: =_xlfn.CONCAT("CL-",A78) -> CL-077 | C78: =_xlfn.XLOOKUP($F78,'03_Component'!$C:$C,'03_Component'!$B:$B) -> COMP-067 | D78: =_xlfn.XLOOKUP($G78,'02_Location'!$B:$B,'02_Location'!$A:$A) -> 0 | F78: Fertilizer
A79: 078 | B79: =_xlfn.CONCAT("CL-",A79) -> CL-078 | C79: =_xlfn.XLOOKUP($F79,'03_Component'!$C:$C,'03_Component'!$B:$B) -> COMP-068 | D79: =_xlfn.XLOOKUP($G79,'02_Location'!$B:$B,'02_Location'!$A:$A) -> 0 | F79: Film Reel
A80: 079 | B80: =_xlfn.CONCAT("CL-",A80) -> CL-079 | C80: =_xlfn.XLOOKUP($F80,'03_Component'!$C:$C,'03_Component'!$B:$B) -> COMP-069 | D80: =_xlfn.XLOOKUP($G80,'02_Location'!$B:$B,'02_Location'!$A:$A) -> 0 | F80: Fine Wristwatch
A81: 080 | B81: =_xlfn.CONCAT("CL-",A81) -> CL-080 | C81: =_xlfn.XLOOKUP($F81,'03_Component'!$C:$C,'03_Component'!$B:$B) -> COMP-070 | D81: =_xlfn.XLOOKUP($G81,'02_Location'!$B:$B,'02_Location'!$A:$A) -> LOC-001 | F81: Fireball Burner | G81: ARC
A82: 081 | B82: =_xlfn.CONCAT("CL-",A82) -> CL-081 | C82: =_xlfn.XLOOKUP($F82,'03_Component'!$C:$C,'03_Component'!$B:$B) -> COMP-071 | D82: =_xlfn.XLOOKUP($G82,'02_Location'!$B:$B,'02_Location'!$A:$A) -> LOC-011 | F82: Fried Motherboard | G82: Technological
A83: 082 | B83: =_xlfn.CONCAT("CL-",A83) -> CL-082 | C83: =_xlfn.XLOOKUP($F83,'03_Component'!$C:$C,'03_Component'!$B:$B) -> COMP-072 | D83: =_xlfn.XLOOKUP($G83,'02_Location'!$B:$B,'02_Location'!$A:$A) -> 0 | F83: Frying Pan
A84: 083 | B84: =_xlfn.CONCAT("CL-",A84) -> CL-083 | C84: =_xlfn.XLOOKUP($F84,'03_Component'!$C:$C,'03_Component'!$B:$B) -> COMP-073 | D84: =_xlfn.XLOOKUP($G84,'02_Location'!$B:$B,'02_Location'!$A:$A) -> 0 | F84: Garlic Press
A85: 084 | B85: =_xlfn.CONCAT("CL-",A85) -> CL-084 | C85: =_xlfn.XLOOKUP($F85,'03_Component'!$C:$C,'03_Component'!$B:$B) -> COMP-074 | D85: =_xlfn.XLOOKUP($G85,'02_Location'!$B:$B,'02_Location'!$A:$A) -> LOC-008 | F85: Great Mullein | G85: Nature
A86: 085 | B86: =_xlfn.CONCAT("CL-",A86) -> CL-085 | C86: =_xlfn.XLOOKUP($F86,'03_Component'!$C:$C,'03_Component'!$B:$B) -> COMP-075 | D86: =_xlfn.XLOOKUP($G86,'02_Location'!$B:$B,'02_Location'!$A:$A) -> 0 | F86: Headphones
A87: 086 | B87: =_xlfn.CONCAT("CL-",A87) -> CL-086 | C87: =_xlfn.XLOOKUP($F87,'03_Component'!$C:$C,'03_Component'!$B:$B) -> COMP-076 | D87: =_xlfn.XLOOKUP($G87,'02_Location'!$B:$B,'02_Location'!$A:$A) -> LOC-010 | F87: Heavy Gun Parts | G87: Security
A88: 087 | B88: =_xlfn.CONCAT("CL-",A88) -> CL-087 | C88: =_xlfn.XLOOKUP($F88,'03_Component'!$C:$C,'03_Component'!$B:$B) -> COMP-076 | D88: =_xlfn.XLOOKUP($G88,'02_Location'!$B:$B,'02_Location'!$A:$A) -> LOC-012 | F88: Heavy Gun Parts | G88: Raider
A89: 088 | B89: =_xlfn.CONCAT("CL-",A89) -> CL-088 | C89: =_xlfn.XLOOKUP($F89,'03_Component'!$C:$C,'03_Component'!$B:$B) -> COMP-077 | D89: =_xlfn.XLOOKUP($G89,'02_Location'!$B:$B,'02_Location'!$A:$A) -> LOC-001 | F89: Hornet Driver | G89: ARC
A90: 089 | B90: =_xlfn.CONCAT("CL-",A90) -> CL-089 | C90: =_xlfn.XLOOKUP($F90,'03_Component'!$C:$C,'03_Component'!$B:$B) -> COMP-078 | D90: =_xlfn.XLOOKUP($G90,'02_Location'!$B:$B,'02_Location'!$A:$A) -> 0 | F90: Household Cleaner
A91: 090 | B91: =_xlfn.CONCAT("CL-",A91) -> CL-090 | C91: =_xlfn.XLOOKUP($F91,'03_Component'!$C:$C,'03_Component'!$B:$B) -> COMP-079 | D91: =_xlfn.XLOOKUP($G91,'02_Location'!$B:$B,'02_Location'!$A:$A) -> 0 | F91: Humidifier
A92: 091 | B92: =_xlfn.CONCAT("CL-",A92) -> CL-091 | C92: =_xlfn.XLOOKUP($F92,'03_Component'!$C:$C,'03_Component'!$B:$B) -> COMP-080 | D92: =_xlfn.XLOOKUP($G92,'02_Location'!$B:$B,'02_Location'!$A:$A) -> 0 | F92: Ice Cream Scooper
A93: 092 | B93: =_xlfn.CONCAT("CL-",A93) -> CL-092 | C93: =_xlfn.XLOOKUP($F93,'03_Component'!$C:$C,'03_Component'!$B:$B) -> COMP-081 | D93: =_xlfn.XLOOKUP($G93,'02_Location'!$B:$B,'02_Location'!$A:$A) -> 0 | F93: Impure ARC Coolant
A94: 093 | B94: =_xlfn.CONCAT("CL-",A94) -> CL-093 | C94: =_xlfn.XLOOKUP($F94,'03_Component'!$C:$C,'03_Component'!$B:$B) -> COMP-082 | D94: =_xlfn.XLOOKUP($G94,'02_Location'!$B:$B,'02_Location'!$A:$A) -> 0 | F94: Industrial Battery
A95: 094 | B95: =_xlfn.CONCAT("CL-",A95) -> CL-094 | C95: =_xlfn.XLOOKUP($F95,'03_Component'!$C:$C,'03_Component'!$B:$B) -> COMP-083 | D95: =_xlfn.XLOOKUP($G95,'02_Location'!$B:$B,'02_Location'!$A:$A) -> 0 | F95: Industrial Charger
A96: 095 | B96: =_xlfn.CONCAT("CL-",A96) -> CL-095 | C96: =_xlfn.XLOOKUP($F96,'03_Component'!$C:$C,'03_Component'!$B:$B) -> COMP-084 | D96: =_xlfn.XLOOKUP($G96,'02_Location'!$B:$B,'02_Location'!$A:$A) -> LOC-005 | F96: Industrial Magnet | G96: Industrial
A97: 096 | B97: =_xlfn.CONCAT("CL-",A97) -> CL-096 | C97: =_xlfn.XLOOKUP($F97,'03_Component'!$C:$C,'03_Component'!$B:$B) -> COMP-085 | D97: =_xlfn.XLOOKUP($G97,'02_Location'!$B:$B,'02_Location'!$A:$A) -> 0 | F97: Laboratory Reagents
A98: 097 | B98: =_xlfn.CONCAT("CL-",A98) -> CL-097 | C98: =_xlfn.XLOOKUP($F98,'03_Component'!$C:$C,'03_Component'!$B:$B) -> COMP-086 | D98: =_xlfn.XLOOKUP($G98,'02_Location'!$B:$B,'02_Location'!$A:$A) -> 0 | F98: Lance's Mixtape (5th Edition)
A99: 098 | B99: =_xlfn.CONCAT("CL-",A99) -> CL-098 | C99: =_xlfn.XLOOKUP($F99,'03_Component'!$C:$C,'03_Component'!$B:$B) -> COMP-087 | D99: =_xlfn.XLOOKUP($G99,'02_Location'!$B:$B,'02_Location'!$A:$A) -> LOC-008 | F99: Lemon | G99: Nature
A100: 099 | B100: =_xlfn.CONCAT("CL-",A100) -> CL-099 | C100: =_xlfn.XLOOKUP($F100,'03_Component'!$C:$C,'03_Component'!$B:$B) -> COMP-088 | D100: =_xlfn.XLOOKUP($G100,'02_Location'!$B:$B,'02_Location'!$A:$A) -> 0 | F100: Leaper Pulse Unit
...

Sheet 06_DismantleResults
A1: numeric | B1: DismantleID | C1: SourceComponentID | D1: ResultComponentID | E1: Quantity | G1: SrcComp (Plaintext) | H1: ResComp(Plaintext)
A2: 001 | B2: =_xlfn.CONCAT("DIS-",A2) -> DIS-001 | C2: =_xlfn.XLOOKUP($G2,'03_Component'!$C:$C,'03_Component'!$B:$B) -> COMP-002 | D2: =_xlfn.XLOOKUP($H2,'03_Component'!$C:$C,'03_Component'!$B:$B) -> COMP-059 | E2: 1 | G2: Advanced Electrical Components | H2: Electrical Components
A3: 002 | B3: =_xlfn.CONCAT("DIS-",A3) -> DIS-002 | C3: =_xlfn.XLOOKUP($G3,'03_Component'!$C:$C,'03_Component'!$B:$B) -> COMP-002 | D3: =_xlfn.XLOOKUP($H3,'03_Component'!$C:$C,'03_Component'!$B:$B) -> COMP-175 | E3: 1 | G3: Advanced Electrical Components | H3: Wires
A4: 003 | B4: =_xlfn.CONCAT("DIS-",A4) -> DIS-003 | C4: =_xlfn.XLOOKUP($G4,'03_Component'!$C:$C,'03_Component'!$B:$B) -> COMP-003 | D4: =_xlfn.XLOOKUP($H4,'03_Component'!$C:$C,'03_Component'!$B:$B) -> COMP-093 | E4: 1 | G4: Advanced Mechanical Components | H4: Mechanical Components
A5: 004 | B5: =_xlfn.CONCAT("DIS-",A5) -> DIS-004 | C5: =_xlfn.XLOOKUP($G5,'03_Component'!$C:$C,'03_Component'!$B:$B) -> COMP-003 | D5: =_xlfn.XLOOKUP($H5,'03_Component'!$C:$C,'03_Component'!$B:$B) -> COMP-175 | E5: 1 | G5: Advanced Mechanical Components | H5: Wires
A6: 005 | B6: =_xlfn.CONCAT("DIS-",A6) -> DIS-005 | C6: =_xlfn.XLOOKUP($G6,'03_Component'!$C:$C,'03_Component'!$B:$B) -> COMP-004 | D6: =_xlfn.XLOOKUP($H6,'03_Component'!$C:$C,'03_Component'!$B:$B) -> COMP-018 | E6: 3 | G6: Agave | H6: Assorted Seeds
A7: 006 | B7: =_xlfn.CONCAT("DIS-",A7) -> DIS-006 | C7: =_xlfn.XLOOKUP($G7,'03_Component'!$C:$C,'03_Component'!$B:$B) -> COMP-005 | D7: =_xlfn.XLOOKUP($H7,'03_Component'!$C:$C,'03_Component'!$B:$B) -> 0 | E7: 0 | G7: Air Freshener
A8: 007 | B8: =_xlfn.CONCAT("DIS-",A8) -> DIS-007 | C8: =_xlfn.XLOOKUP($G8,'03_Component'!$C:$C,'03_Component'!$B:$B) -> COMP-006 | D8: =_xlfn.XLOOKUP($H8,'03_Component'!$C:$C,'03_Component'!$B:$B) -> COMP-118 | E8: 1 | G8: Alarm Clock | H8: Processor
A9: 008 | B9: =_xlfn.CONCAT("DIS-",A9) -> DIS-008 | C9: =_xlfn.XLOOKUP($G9,'03_Component'!$C:$C,'03_Component'!$B:$B) -> COMP-006 | D9: =_xlfn.XLOOKUP($H9,'03_Component'!$C:$C,'03_Component'!$B:$B) -> COMP-107 | E9: 6 | G9: Alarm Clock | H9: Plastic Parts
A10: 009 | B10: =_xlfn.CONCAT("DIS-",A10) -> DIS-009 | C10: =_xlfn.XLOOKUP($G10,'03_Component'!$C:$C,'03_Component'!$B:$B) -> COMP-007 | D10: =_xlfn.XLOOKUP($H10,'03_Component'!$C:$C,'03_Component'!$B:$B) -> COMP-035 | E10: 10 | G10: Antiseptic | H10: Chemicals
A11: 010 | B11: =_xlfn.CONCAT("DIS-",A11) -> DIS-010 | C11: =_xlfn.XLOOKUP($G11,'03_Component'!$C:$C,'03_Component'!$B:$B) -> COMP-008 | D11: =_xlfn.XLOOKUP($H11,'03_Component'!$C:$C,'03_Component'!$B:$B) -> COMP-018 | E11: 3 | G11: Apricot | H11: Assorted Seeds
A12: 011 | B12: =_xlfn.CONCAT("DIS-",A12) -> DIS-011 | C12: =_xlfn.XLOOKUP($G12,'03_Component'!$C:$C,'03_Component'!$B:$B) -> COMP-009 | D12: =_xlfn.XLOOKUP($H12,'03_Component'!$C:$C,'03_Component'!$B:$B) -> COMP-096 | E12: 2 | G12: ARC Alloy | H12: Metal Parts
A13: 012 | B13: =_xlfn.CONCAT("DIS-",A13) -> DIS-012 | C13: =_xlfn.XLOOKUP($G13,'03_Component'!$C:$C,'03_Component'!$B:$B) -> COMP-010 | D13: =_xlfn.XLOOKUP($H13,'03_Component'!$C:$C,'03_Component'!$B:$B) -> COMP-009 | E13: 2 | G13: ARC Circuitry | H13: ARC Alloy
A14: 013 | B14: =_xlfn.CONCAT("DIS-",A14) -> DIS-013 | C14: =_xlfn.XLOOKUP($G14,'03_Component'!$C:$C,'03_Component'!$B:$B) -> COMP-011 | D14: =_xlfn.XLOOKUP($H14,'03_Component'!$C:$C,'03_Component'!$B:$B) -> COMP-035 | E14: 16 | G14: ARC Coolant | H14: Chemicals
A15: 014 | B15: =_xlfn.CONCAT("DIS-",A15) -> DIS-014 | C15: =_xlfn.XLOOKUP($G15,'03_Component'!$C:$C,'03_Component'!$B:$B) -> COMP-012 | D15: =_xlfn.XLOOKUP($H15,'03_Component'!$C:$C,'03_Component'!$B:$B) -> COMP-133 | E15: 16 | G15: ARC Flex Rubber | H15: Rubber Parts
A16: 015 | B16: =_xlfn.CONCAT("DIS-",A16) -> DIS-015 | C16: =_xlfn.XLOOKUP($G16,'03_Component'!$C:$C,'03_Component'!$B:$B) -> COMP-013 | D16: =_xlfn.XLOOKUP($H16,'03_Component'!$C:$C,'03_Component'!$B:$B) -> COMP-009 | E16: 2 | G16: ARC Motion Core | H16: ARC Alloy
A17: 016 | B17: =_xlfn.CONCAT("DIS-",A17) -> DIS-016 | C17: =_xlfn.XLOOKUP($G17,'03_Component'!$C:$C,'03_Component'!$B:$B) -> COMP-014 | D17: =_xlfn.XLOOKUP($H17,'03_Component'!$C:$C,'03_Component'!$B:$B) -> COMP-096 | E17: 12 | G17: ARC Performance Steel | H17: Metal Parts
A18: 017 | B18: =_xlfn.CONCAT("DIS-",A18) -> DIS-017 | C18: =_xlfn.XLOOKUP($G18,'03_Component'!$C:$C,'03_Component'!$B:$B) -> COMP-015 | D18: =_xlfn.XLOOKUP($H18,'03_Component'!$C:$C,'03_Component'!$B:$B) -> 0 | E18: 0 | G18: ARC Powercell
A19: 018 | B19: =_xlfn.CONCAT("DIS-",A19) -> DIS-018 | C19: =_xlfn.XLOOKUP($G19,'03_Component'!$C:$C,'03_Component'!$B:$B) -> COMP-016 | D19: =_xlfn.XLOOKUP($H19,'03_Component'!$C:$C,'03_Component'!$B:$B) -> COMP-107 | E19: 14 | G19: ARC Synthetic Resin | H19: Plastic Parts
A20: 019 | B20: =_xlfn.CONCAT("DIS-",A20) -> DIS-019 | C20: =_xlfn.XLOOKUP($G20,'03_Component'!$C:$C,'03_Component'!$B:$B) -> COMP-017 | D20: =_xlfn.XLOOKUP($H20,'03_Component'!$C:$C,'03_Component'!$B:$B) -> COMP-065 | E20: 16 | G20: ARC Thermo Lining | H20: Fabric
A21: 020 | B21: =_xlfn.CONCAT("DIS-",A21) -> DIS-020 | C21: =_xlfn.XLOOKUP($G21,'03_Component'!$C:$C,'03_Component'!$B:$B) -> COMP-018 | D21: =_xlfn.XLOOKUP($H21,'03_Component'!$C:$C,'03_Component'!$B:$B) -> 0 | E21: 0 | G21: Assorted Seeds
A22: 021 | B22: =_xlfn.CONCAT("DIS-",A22) -> DIS-021 | C22: =_xlfn.XLOOKUP($G22,'03_Component'!$C:$C,'03_Component'!$B:$B) -> COMP-019 | D22: =_xlfn.XLOOKUP($H22,'03_Component'!$C:$C,'03_Component'!$B:$B) -> COMP-013 | E22: 2 | G22: Bastion Cell | H22: ARC Motion Core
A23: 022 | B23: =_xlfn.CONCAT("DIS-",A23) -> DIS-022 | C23: =_xlfn.XLOOKUP($G23,'03_Component'!$C:$C,'03_Component'!$B:$B) -> COMP-019 | D23: =_xlfn.XLOOKUP($H23,'03_Component'!$C:$C,'03_Component'!$B:$B) -> COMP-003 | E23: 2 | G23: Bastion Cell | H23: Advanced Mechanical Components
A24: 023 | B24: =_xlfn.CONCAT("DIS-",A24) -> DIS-023 | C24: =_xlfn.XLOOKUP($G24,'03_Component'!$C:$C,'03_Component'!$B:$B) -> COMP-020 | D24: =_xlfn.XLOOKUP($H24,'03_Component'!$C:$C,'03_Component'!$B:$B) -> COMP-096 | E24: 2 | G24: Battery | H24: Metal Parts
A25: 024 | B25: =_xlfn.CONCAT("DIS-",A25) -> DIS-024 | C25: =_xlfn.XLOOKUP($G25,'03_Component'!$C:$C,'03_Component'!$B:$B) -> COMP-021 | D25: =_xlfn.XLOOKUP($H25,'03_Component'!$C:$C,'03_Component'!$B:$B) -> COMP-033 | E25: 4 | G25: Bicycle Pump | H25: Canister
A26: 025 | B26: =_xlfn.CONCAT("DIS-",A26) -> DIS-025 | C26: =_xlfn.XLOOKUP($G26,'03_Component'!$C:$C,'03_Component'!$B:$B) -> COMP-021 | D26: =_xlfn.XLOOKUP($H26,'03_Component'!$C:$C,'03_Component'!$B:$B) -> COMP-096 | E26: 10 | G26: Bicycle Pump | H26: Metal Parts
A27: 026 | B27: =_xlfn.CONCAT("DIS-",A27) -> DIS-026 | C27: =_xlfn.XLOOKUP($G27,'03_Component'!$C:$C,'03_Component'!$B:$B) -> COMP-022 | D27: =_xlfn.XLOOKUP($H27,'03_Component'!$C:$C,'03_Component'!$B:$B) -> 0 | E27: 0 | G27: Bloated Tuna Can
A28: 027 | B28: =_xlfn.CONCAT("DIS-",A28) -> DIS-027 | C28: =_xlfn.XLOOKUP($G28,'03_Component'!$C:$C,'03_Component'!$B:$B) -> COMP-023 | D28: =_xlfn.XLOOKUP($H28,'03_Component'!$C:$C,'03_Component'!$B:$B) -> 0 | E28: 0 | G28: Blown Fuses
A29: 028 | B29: =_xlfn.CONCAT("DIS-",A29) -> DIS-028 | C29: =_xlfn.XLOOKUP($G29,'03_Component'!$C:$C,'03_Component'!$B:$B) -> COMP-024 | D29: =_xlfn.XLOOKUP($H29,'03_Component'!$C:$C,'03_Component'!$B:$B) -> COMP-003 | E29: 2 | G29: Bombardier Cell | H29: Advanced Mechanical Components
A30: 029 | B30: =_xlfn.CONCAT("DIS-",A30) -> DIS-029 | C30: =_xlfn.XLOOKUP($G30,'03_Component'!$C:$C,'03_Component'!$B:$B) -> COMP-024 | D30: =_xlfn.XLOOKUP($H30,'03_Component'!$C:$C,'03_Component'!$B:$B) -> COMP-009 | E30: 2 | G30: Bombardier Cell | H30: ARC Alloy
A31: 030 | B31: =_xlfn.CONCAT("DIS-",A31) -> DIS-030 | C31: =_xlfn.XLOOKUP($G31,'03_Component'!$C:$C,'03_Component'!$B:$B) -> COMP-025 | D31: =_xlfn.XLOOKUP($H31,'03_Component'!$C:$C,'03_Component'!$B:$B) -> 0 | E31: 0 | G31: Breathtaking Snow Globe
A32: 031 | B32: =_xlfn.CONCAT("DIS-",A32) -> DIS-031 | C32: =_xlfn.XLOOKUP($G32,'03_Component'!$C:$C,'03_Component'!$B:$B) -> COMP-026 | D32: =_xlfn.XLOOKUP($H32,'03_Component'!$C:$C,'03_Component'!$B:$B) -> COMP-020 | E32: 3 | G32: Broken Flashlight | H32: Battery
A33: 032 | B33: =_xlfn.CONCAT("DIS-",A33) -> DIS-032 | C33: =_xlfn.XLOOKUP($G33,'03_Component'!$C:$C,'03_Component'!$B:$B) -> COMP-026 | D33: =_xlfn.XLOOKUP($H33,'03_Component'!$C:$C,'03_Component'!$B:$B) -> COMP-096 | E33: 7 | G33: Broken Flashlight | H33: Metal Parts
A34: 033 | B34: =_xlfn.CONCAT("DIS-",A34) -> DIS-033 | C34: =_xlfn.XLOOKUP($G34,'03_Component'!$C:$C,'03_Component'!$B:$B) -> COMP-027 | D34: =_xlfn.XLOOKUP($H34,'03_Component'!$C:$C,'03_Component'!$B:$B) -> COMP-146 | E34: 3 | G34: Broken Handheld Radio | H34: Sensors
A35: 034 | B35: =_xlfn.CONCAT("DIS-",A35) -> DIS-034 | C35: =_xlfn.XLOOKUP($G35,'03_Component'!$C:$C,'03_Component'!$B:$B) -> COMP-027 | D35: =_xlfn.XLOOKUP($H35,'03_Component'!$C:$C,'03_Component'!$B:$B) -> COMP-175 | E35: 3 | G35: Broken Handheld Radio | H35: Wires
A36: 035 | B36: =_xlfn.CONCAT("DIS-",A36) -> DIS-035 | C36: =_xlfn.XLOOKUP($G36,'03_Component'!$C:$C,'03_Component'!$B:$B) -> COMP-028 | D36: =_xlfn.XLOOKUP($H36,'03_Component'!$C:$C,'03_Component'!$B:$B) -> COMP-107 | E36: 12 | G36: Broken Riot Shield | H36: Plastic Parts
A37: 036 | B37: =_xlfn.CONCAT("DIS-",A37) -> DIS-036 | C37: =_xlfn.XLOOKUP($G37,'03_Component'!$C:$C,'03_Component'!$B:$B) -> COMP-029 | D37: =_xlfn.XLOOKUP($H37,'03_Component'!$C:$C,'03_Component'!$B:$B) -> COMP-020 | E37: 2 | G37: Broken Taser | H37: Battery
A38: 037 | B38: =_xlfn.CONCAT("DIS-",A38) -> DIS-037 | C38: =_xlfn.XLOOKUP($G38,'03_Component'!$C:$C,'03_Component'!$B:$B) -> COMP-029 | D38: =_xlfn.XLOOKUP($H38,'03_Component'!$C:$C,'03_Component'!$B:$B) -> COMP-175 | E38: 2 | G38: Broken Taser | H38: Wires
A39: 038 | B39: =_xlfn.CONCAT("DIS-",A39) -> DIS-038 | C39: =_xlfn.XLOOKUP($G39,'03_Component'!$C:$C,'03_Component'!$B:$B) -> COMP-030 | D39: =_xlfn.XLOOKUP($H39,'03_Component'!$C:$C,'03_Component'!$B:$B) -> COMP-009 | E39: 2 | G39: Burned ARC Circuitry | H39: ARC Alloy
A40: 039 | B40: =_xlfn.CONCAT("DIS-",A40) -> DIS-039 | C40: =_xlfn.XLOOKUP($G40,'03_Component'!$C:$C,'03_Component'!$B:$B) -> COMP-031 | D40: =_xlfn.XLOOKUP($H40,'03_Component'!$C:$C,'03_Component'!$B:$B) -> COMP-107 | E40: 8 | G40: Camera Lens | H40: Plastic Parts
A41: 040 | B41: =_xlfn.CONCAT("DIS-",A41) -> DIS-040 | C41: =_xlfn.XLOOKUP($G41,'03_Component'!$C:$C,'03_Component'!$B:$B) -> COMP-032 | D41: =_xlfn.XLOOKUP($H41,'03_Component'!$C:$C,'03_Component'!$B:$B) -> COMP-096 | E41: 8 | G41: Candle Holder | H41: Metal Parts
A42: 041 | B42: =_xlfn.CONCAT("DIS-",A42) -> DIS-041 | C42: =_xlfn.XLOOKUP($G42,'03_Component'!$C:$C,'03_Component'!$B:$B) -> COMP-033 | D42: =_xlfn.XLOOKUP($H42,'03_Component'!$C:$C,'03_Component'!$B:$B) -> COMP-107 | E42: 3 | G42: Canister | H42: Plastic Parts
A43: 042 | B43: =_xlfn.CONCAT("DIS-",A43) -> DIS-042 | C43: =_xlfn.XLOOKUP($G43,'03_Component'!$C:$C,'03_Component'!$B:$B) -> COMP-034 | D43: =_xlfn.XLOOKUP($H43,'03_Component'!$C:$C,'03_Component'!$B:$B) -> 0 | E43: 0 | G43: Cat Bed
A44: 043 | B44: =_xlfn.CONCAT("DIS-",A44) -> DIS-043 | C44: =_xlfn.XLOOKUP($G44,'03_Component'!$C:$C,'03_Component'!$B:$B) -> COMP-035 | D44: =_xlfn.XLOOKUP($H44,'03_Component'!$C:$C,'03_Component'!$B:$B) -> 0 | E44: 0 | G44: Chemicals
A45: 044 | B45: =_xlfn.CONCAT("DIS-",A45) -> DIS-044 | C45: =_xlfn.XLOOKUP($G45,'03_Component'!$C:$C,'03_Component'!$B:$B) -> COMP-036 | D45: =_xlfn.XLOOKUP($H45,'03_Component'!$C:$C,'03_Component'!$B:$B) -> 0 | E45: 0 | G45: Coffee Pot
A46: 045 | B46: =_xlfn.CONCAT("DIS-",A46) -> DIS-045 | C46: =_xlfn.XLOOKUP($G46,'03_Component'!$C:$C,'03_Component'!$B:$B) -> COMP-037 | D46: =_xlfn.XLOOKUP($H46,'03_Component'!$C:$C,'03_Component'!$B:$B) -> COMP-149 | E46: 3 | G46: Complex Gun Parts | H46: Simple Gun Parts
A47: 046 | B47: =_xlfn.CONCAT("DIS-",A47) -> DIS-046 | C47: =_xlfn.XLOOKUP($G47,'03_Component'!$C:$C,'03_Component'!$B:$B) -> COMP-038 | D47: =_xlfn.XLOOKUP($H47,'03_Component'!$C:$C,'03_Component'!$B:$B) -> COMP-035 | E47: 5 | G47: Coolant | H47: Chemicals
A48: 047 | B48: =_xlfn.CONCAT("DIS-",A48) -> DIS-047 | C48: =_xlfn.XLOOKUP($G48,'03_Component'!$C:$C,'03_Component'!$B:$B) -> COMP-038 | D48: =_xlfn.XLOOKUP($H48,'03_Component'!$C:$C,'03_Component'!$B:$B) -> COMP-104 | E48: 2 | G48: Coolant | H48: Oil
A49: 048 | B49: =_xlfn.CONCAT("DIS-",A49) -> DIS-048 | C49: =_xlfn.XLOOKUP($G49,'03_Component'!$C:$C,'03_Component'!$B:$B) -> COMP-039 | D49: =_xlfn.XLOOKUP($H49,'03_Component'!$C:$C,'03_Component'!$B:$B) -> COMP-035 | E49: 6 | G49: Cooling Coil | H49: Chemicals
A50: 049 | B50: =_xlfn.CONCAT("DIS-",A50) -> DIS-049 | C50: =_xlfn.XLOOKUP($G50,'03_Component'!$C:$C,'03_Component'!$B:$B) -> COMP-039 | D50: =_xlfn.XLOOKUP($H50,'03_Component'!$C:$C,'03_Component'!$B:$B) -> COMP-155 | E50: 2 | G50: Cooling Coil | H50: Steel Spring
A51: 050 | B51: =_xlfn.CONCAT("DIS-",A51) -> DIS-050 | C51: =_xlfn.XLOOKUP($G51,'03_Component'!$C:$C,'03_Component'!$B:$B) -> COMP-040 | D51: =_xlfn.XLOOKUP($H51,'03_Component'!$C:$C,'03_Component'!$B:$B) -> COMP-107 | E51: 14 | G51: Cooling Fan | H51: Plastic Parts
A52: 051 | B52: =_xlfn.CONCAT("DIS-",A52) -> DIS-051 | C52: =_xlfn.XLOOKUP($G52,'03_Component'!$C:$C,'03_Component'!$B:$B) -> COMP-040 | D52: =_xlfn.XLOOKUP($H52,'03_Component'!$C:$C,'03_Component'!$B:$B) -> COMP-020 | E52: 4 | G52: Cooling Fan | H52: Battery
A53: 052 | B53: =_xlfn.CONCAT("DIS-",A53) -> DIS-052 | C53: =_xlfn.XLOOKUP($G53,'03_Component'!$C:$C,'03_Component'!$B:$B) -> COMP-041 | D53: =_xlfn.XLOOKUP($H53,'03_Component'!$C:$C,'03_Component'!$B:$B) -> COMP-133 | E53: 3 | G53: Cracked Bioscanner | H53: Rubber Parts
A54: 053 | B54: =_xlfn.CONCAT("DIS-",A54) -> DIS-053 | C54: =_xlfn.XLOOKUP($G54,'03_Component'!$C:$C,'03_Component'!$B:$B) -> COMP-041 | D54: =_xlfn.XLOOKUP($H54,'03_Component'!$C:$C,'03_Component'!$B:$B) -> COMP-020 | E54: 5 | G54: Cracked Bioscanner | H54: Battery
A55: 054 | B55: =_xlfn.CONCAT("DIS-",A55) -> DIS-054 | C55: =_xlfn.XLOOKUP($G55,'03_Component'!$C:$C,'03_Component'!$B:$B) -> COMP-042 | D55: =_xlfn.XLOOKUP($H55,'03_Component'!$C:$C,'03_Component'!$B:$B) -> COMP-035 | E55: 3 | G55: Crude Explosives | H55: Chemicals
A56: 055 | B56: =_xlfn.CONCAT("DIS-",A56) -> DIS-055 | C56: =_xlfn.XLOOKUP($G56,'03_Component'!$C:$C,'03_Component'!$B:$B) -> COMP-043 | D56: =_xlfn.XLOOKUP($H56,'03_Component'!$C:$C,'03_Component'!$B:$B) -> COMP-107 | E56: 3 | G56: Crumpled Plastic Bottle | H56: Plastic Parts
A57: 056 | B57: =_xlfn.CONCAT("DIS-",A57) -> DIS-056 | C57: =_xlfn.XLOOKUP($G57,'03_Component'!$C:$C,'03_Component'!$B:$B) -> COMP-044 | D57: =_xlfn.XLOOKUP($H57,'03_Component'!$C:$C,'03_Component'!$B:$B) -> COMP-009 | E57: 2 | G57: Damaged ARC Motion Core | H57: ARC Alloy
... A64: 063 | B64: =_xlfn.CONCAT("DIS-",A64) -> DIS-063 | C64: =_xlfn.XLOOKUP($G64,'03_Component'!$C:$C,'03_Component'!$B:$B) -> COMP-050 | D64: =_xlfn.XLOOKUP($H64,'03_Component'!$C:$C,'03_Component'!$B:$B) -> COMP-009 | E64: 1 | G64: Damaged Wasp Driver | H64: ARC Alloy
A65: 064 | B65: =_xlfn.CONCAT("DIS-",A65) -> DIS-064 | C65: =_xlfn.XLOOKUP($G65,'03_Component'!$C:$C,'03_Component'!$B:$B) -> COMP-051 | D65: =_xlfn.XLOOKUP($H65,'03_Component'!$C:$C,'03_Component'!$B:$B) -> 0 | E65: 0 | G65: Dart Board
A66: 065 | B66: =_xlfn.CONCAT("DIS-",A66) -> DIS-065 | C66: =_xlfn.XLOOKUP($G66,'03_Component'!$C:$C,'03_Component'!$B:$B) -> COMP-052 | D66: =_xlfn.XLOOKUP($H66,'03_Component'!$C:$C,'03_Component'!$B:$B) -> COMP-133 | E66: 15 | G66: Deflated Football | H66: Rubber Parts
A67: 066 | B67: =_xlfn.CONCAT("DIS-",A67) -> DIS-066 | C67: =_xlfn.XLOOKUP($G67,'03_Component'!$C:$C,'03_Component'!$B:$B) -> COMP-053 | D67: =_xlfn.XLOOKUP($H67,'03_Component'!$C:$C,'03_Component'!$B:$B) -> COMP-133 | E67: 11 | G67: Degraded ARC Rubber | H67: Rubber Parts
A68: 067 | B68: =_xlfn.CONCAT("DIS-",A68) -> DIS-067 | C68: =_xlfn.XLOOKUP($G68,'03_Component'!$C:$C,'03_Component'!$B:$B) -> COMP-054 | D68: =_xlfn.XLOOKUP($H68,'03_Component'!$C:$C,'03_Component'!$B:$B) -> COMP-133 | E68: 12 | G68: Diving Goggles | H68: Rubber Parts
A69: 068 | B69: =_xlfn.CONCAT("DIS-",A69) -> DIS-068 | C69: =_xlfn.XLOOKUP($G69,'03_Component'!$C:$C,'03_Component'!$B:$B) -> COMP-055 | D69: =_xlfn.XLOOKUP($H69,'03_Component'!$C:$C,'03_Component'!$B:$B) -> COMP-065 | E69: 8 | G69: Dog Collar | H69: Fabric
A70: 069 | B70: =_xlfn.CONCAT("DIS-",A70) -> DIS-069 | C70: =_xlfn.XLOOKUP($G70,'03_Component'!$C:$C,'03_Component'!$B:$B) -> COMP-055 | D70: =_xlfn.XLOOKUP($H70,'03_Component'!$C:$C,'03_Component'!$B:$B) -> COMP-096 | E70: 1 | G70: Dog Collar | H70: Metal Parts
A71: 070 | B71: =_xlfn.CONCAT("DIS-",A71) -> DIS-070 | C71: =_xlfn.XLOOKUP($G71,'03_Component'!$C:$C,'03_Component'!$B:$B) -> COMP-056 | D71: =_xlfn.XLOOKUP($H71,'03_Component'!$C:$C,'03_Component'!$B:$B) -> COMP-107 | E71: 9 | G71: Dried-Out ARC Resin | H71: Plastic Parts
A72: 071 | B72: =_xlfn.CONCAT("DIS-",A72) -> DIS-071 | C72: =_xlfn.XLOOKUP($G72,'03_Component'!$C:$C,'03_Component'!$B:$B) -> COMP-057 | D72: =_xlfn.XLOOKUP($H72,'03_Component'!$C:$C,'03_Component'!$B:$B) -> COMP-065 | E72: 3 | G72: Duct Tape | H72: Fabric
A73: 072 | B73: =_xlfn.CONCAT("DIS-",A73) -> DIS-072 | C73: =_xlfn.XLOOKUP($G73,'03_Component'!$C:$C,'03_Component'!$B:$B) -> COMP-058 | D73: =_xlfn.XLOOKUP($H73,'03_Component'!$C:$C,'03_Component'!$B:$B) -> COMP-065 | E73: 6 | G73: Durable Cloth | H73: Fabric
A74: 073 | B74: =_xlfn.CONCAT("DIS-",A74) -> DIS-073 | C74: =_xlfn.XLOOKUP($G74,'03_Component'!$C:$C,'03_Component'!$B:$B) -> COMP-059 | D74: =_xlfn.XLOOKUP($H74,'03_Component'!$C:$C,'03_Component'!$B:$B) -> COMP-107 | E74: 3 | G74: Electrical Components | H74: Plastic Parts
A75: 074 | B75: =_xlfn.CONCAT("DIS-",A75) -> DIS-074 | C75: =_xlfn.XLOOKUP($G75,'03_Component'!$C:$C,'03_Component'!$B:$B) -> COMP-059 | D75: =_xlfn.XLOOKUP($H75,'03_Component'!$C:$C,'03_Component'!$B:$B) -> COMP-133 | E75: 3 | G75: Electrical Components | H75: Rubber Parts
A76: 075 | B76: =_xlfn.CONCAT("DIS-",A76) -> DIS-075 | C76: =_xlfn.XLOOKUP($G76,'03_Component'!$C:$C,'03_Component'!$B:$B) -> COMP-060 | D76: =_xlfn.XLOOKUP($H76,'03_Component'!$C:$C,'03_Component'!$B:$B) -> 0 | E76: 0 | G76: Empty Wine Bottle
A77: 076 | B77: =_xlfn.CONCAT("DIS-",A77) -> DIS-076 | C77: =_xlfn.XLOOKUP($G77,'03_Component'!$C:$C,'03_Component'!$B:$B) -> COMP-061 | D77: =_xlfn.XLOOKUP($H77,'03_Component'!$C:$C,'03_Component'!$B:$B) -> COMP-091 | E77: 2 | G77: Exodus Modules | H77: Magnet
A78: 077 | B78: =_xlfn.CONCAT("DIS-",A78) -> DIS-077 | C78: =_xlfn.XLOOKUP($G78,'03_Component'!$C:$C,'03_Component'!$B:$B) -> COMP-061 | D78: =_xlfn.XLOOKUP($H78,'03_Component'!$C:$C,'03_Component'!$B:$B) -> COMP-093 | E78: 1 | G78: Exodus Modules | H78: Mechanical Components
A79: 078 | B79: =_xlfn.CONCAT("DIS-",A79) -> DIS-078 | C79: =_xlfn.XLOOKUP($G79,'03_Component'!$C:$C,'03_Component'!$B:$B) -> COMP-062 | D79: =_xlfn.XLOOKUP($H79,'03_Component'!$C:$C,'03_Component'!$B:$B) -> 0 | E79: 0 | G79: Expired Pasta
A80: 079 | B80: =_xlfn.CONCAT("DIS-",A80) -> DIS-079 | C80: =_xlfn.XLOOKUP($G80,'03_Component'!$C:$C,'03_Component'!$B:$B) -> COMP-063 | D80: =_xlfn.XLOOKUP($H80,'03_Component'!$C:$C,'03_Component'!$B:$B) -> COMP-133 | E80: 8 | G80: Expired Respirator | H80: Rubber Parts
A81: 080 | B81: =_xlfn.CONCAT("DIS-",A81) -> DIS-080 | C81: =_xlfn.XLOOKUP($G81,'03_Component'!$C:$C,'03_Component'!$B:$B) -> COMP-063 | D81: =_xlfn.XLOOKUP($H81,'03_Component'!$C:$C,'03_Component'!$B:$B) -> COMP-065 | E81: 4 | G81: Expired Respirator | H81: Fabric
A82: 081 | B82: =_xlfn.CONCAT("DIS-",A82) -> DIS-081 | C82: =_xlfn.XLOOKUP($G82,'03_Component'!$C:$C,'03_Component'!$B:$B) -> COMP-064 | D82: =_xlfn.XLOOKUP($H82,'03_Component'!$C:$C,'03_Component'!$B:$B) -> COMP-042 | E82: 2 | G82: Explosive Compound | H82: Crude Explosives
A83: 082 | B83: =_xlfn.CONCAT("DIS-",A83) -> DIS-082 | C83: =_xlfn.XLOOKUP($G83,'03_Component'!$C:$C,'03_Component'!$B:$B) -> COMP-065 | D83: =_xlfn.XLOOKUP($H83,'03_Component'!$C:$C,'03_Component'!$B:$B) -> 0 | E83: 0 | G83: Fabric
A84: 083 | B84: =_xlfn.CONCAT("DIS-",A84) -> DIS-083 | C84: =_xlfn.XLOOKUP($G84,'03_Component'!$C:$C,'03_Component'!$B:$B) -> COMP-066 | D84: =_xlfn.XLOOKUP($H84,'03_Component'!$C:$C,'03_Component'!$B:$B) -> 0 | E84: 0 | G84: Faded Photograph
A85: 084 | B85: =_xlfn.CONCAT("DIS-",A85) -> DIS-084 | C85: =_xlfn.XLOOKUP($G85,'03_Component'!$C:$C,'03_Component'!$B:$B) -> COMP-067 | D85: =_xlfn.XLOOKUP($H85,'03_Component'!$C:$C,'03_Component'!$B:$B) -> COMP-018 | E85: 2 | G85: Fertilizer | H85: Assorted Seeds
A86: 085 | B86: =_xlfn.CONCAT("DIS-",A86) -> DIS-085 | C86: =_xlfn.XLOOKUP($G86,'03_Component'!$C:$C,'03_Component'!$B:$B) -> COMP-068 | D86: =_xlfn.XLOOKUP($H86,'03_Component'!$C:$C,'03_Component'!$B:$B) -> 0 | E86: 0 | G86: Film Reel
A87: 086 | B87: =_xlfn.CONCAT("DIS-",A87) -> DIS-086 | C87: =_xlfn.XLOOKUP($G87,'03_Component'!$C:$C,'03_Component'!$B:$B) -> COMP-069 | D87: =_xlfn.XLOOKUP($H87,'03_Component'!$C:$C,'03_Component'!$B:$B) -> 0 | E87: 0 | G87: Fine Wristwatch
A88: 087 | B88: =_xlfn.CONCAT("DIS-",A88) -> DIS-087 | C88: =_xlfn.XLOOKUP($G88,'03_Component'!$C:$C,'03_Component'!$B:$B) -> COMP-070 | D88: =_xlfn.XLOOKUP($H88,'03_Component'!$C:$C,'03_Component'!$B:$B) -> COMP-009 | E88: 1 | G88: Fireball Burner | H88: ARC Alloy
A89: 088 | B89: =_xlfn.CONCAT("DIS-",A89) -> DIS-088 | C89: =_xlfn.XLOOKUP($G89,'03_Component'!$C:$C,'03_Component'!$B:$B) -> COMP-070 | D89: =_xlfn.XLOOKUP($H89,'03_Component'!$C:$C,'03_Component'!$B:$B) -> COMP-035 | E89: 1 | G89: Fireball Burner | H89: Chemicals
A90: 089 | B90: =_xlfn.CONCAT("DIS-",A90) -> DIS-089 | C90: =_xlfn.XLOOKUP($G90,'03_Component'!$C:$C,'03_Component'!$B:$B) -> COMP-071 | D90: =_xlfn.XLOOKUP($H90,'03_Component'!$C:$C,'03_Component'!$B:$B) -> COMP-107 | E90: 5 | G90: Fried Motherboard | H90: Plastic Parts
A91: 090 | B91: =_xlfn.CONCAT("DIS-",A91) -> DIS-090 | C91: =_xlfn.XLOOKUP($G91,'03_Component'!$C:$C,'03_Component'!$B:$B) -> COMP-071 | D91: =_xlfn.XLOOKUP($H91,'03_Component'!$C:$C,'03_Component'!$B:$B) -> COMP-059 | E91: 1 | G91: Fried Motherboard | H91: Electrical Components
A92: 091 | B92: =_xlfn.CONCAT("DIS-",A92) -> DIS-091 | C92: =_xlfn.XLOOKUP($G92,'03_Component'!$C:$C,'03_Component'!$B:$B) -> COMP-072 | D92: =_xlfn.XLOOKUP($H92,'03_Component'!$C:$C,'03_Component'!$B:$B) -> COMP-096 | E92: 8 | G92: Frying Pan | H92: Metal Parts
A93: 092 | B93: =_xlfn.CONCAT("DIS-",A93) -> DIS-092 | C93: =_xlfn.XLOOKUP($G93,'03_Component'!$C:$C,'03_Component'!$B:$B) -> COMP-073 | D93: =_xlfn.XLOOKUP($H93,'03_Component'!$C:$C,'03_Component'!$B:$B) -> COMP-096 | E93: 14 | G93: Garlic Press | H93: Metal Parts
A94: 093 | B94: =_xlfn.CONCAT("DIS-",A94) -> DIS-093 | C94: =_xlfn.XLOOKUP($G94,'03_Component'!$C:$C,'03_Component'!$B:$B) -> COMP-074 | D94: =_xlfn.XLOOKUP($H94,'03_Component'!$C:$C,'03_Component'!$B:$B) -> COMP-018 | E94: 4 | G94: Great Mullein | H94: Assorted Seeds
A95: 094 | B95: =_xlfn.CONCAT("DIS-",A95) -> DIS-094 | C95: =_xlfn.XLOOKUP($G95,'03_Component'!$C:$C,'03_Component'!$B:$B) -> COMP-075 | D95: =_xlfn.XLOOKUP($H95,'03_Component'!$C:$C,'03_Component'!$B:$B) -> COMP-133 | E95: 6 | G95: Headphones | H95: Rubber Parts
A96: 095 | B96: =_xlfn.CONCAT("DIS-",A96) -> DIS-095 | C96: =_xlfn.XLOOKUP($G96,'03_Component'!$C:$C,'03_Component'!$B:$B) -> COMP-075 | D96: =_xlfn.XLOOKUP($H96,'03_Component'!$C:$C,'03_Component'!$B:$B) -> COMP-151 | E96: 2 | G96: Headphones | H96: Speaker Component
A97: 096 | B97: =_xlfn.CONCAT("DIS-",A97) -> DIS-096 | C97: =_xlfn.XLOOKUP($G97,'03_Component'!$C:$C,'03_Component'!$B:$B) -> COMP-076 | D97: =_xlfn.XLOOKUP($H97,'03_Component'!$C:$C,'03_Component'!$B:$B) -> COMP-149 | E97: 2 | G97: Heavy Gun Parts | H97: Simple Gun Parts
A98: 097 | B98: =_xlfn.CONCAT("DIS-",A98) -> DIS-097 | C98: =_xlfn.XLOOKUP($G98,'03_Component'!$C:$C,'03_Component'!$B:$B) -> COMP-077 | D98: =_xlfn.XLOOKUP($H98,'03_Component'!$C:$C,'03_Component'!$B:$B) -> COMP-009 | E98: 2 | G98: Hornet Driver | H98: ARC Alloy
A99: 098 | B99: =_xlfn.CONCAT("DIS-",A99) -> DIS-098 | C99: =_xlfn.XLOOKUP($G99,'03_Component'!$C:$C,'03_Component'!$B:$B) -> COMP-077 | D99: =_xlfn.XLOOKUP($H99,'03_Component'!$C:$C,'03_Component'!$B:$B) -> COMP-059 | E99: 2 | G99: Hornet Driver | H99: Electrical Components
... A112: 111 | B112: =_xlfn.CONCAT("DIS-",A112) -> DIS-111 | C112: =_xlfn.XLOOKUP($G112,'03_Component'!$C:$C,'03_Component'!$B:$B) -> COMP-085 | D112: =_xlfn.XLOOKUP($H112,'03_Component'!$C:$C,'03_Component'!$B:$B) -> COMP-042 | E112: 2 | G112: Laboratory Reagents | H112: Crude Explosives
A113: 112 | B113: =_xlfn.CONCAT("DIS-",A113) -> DIS-112 | C113: =_xlfn.XLOOKUP($G113,'03_Component'!$C:$C,'03_Component'!$B:$B) -> COMP-086 | D113: =_xlfn.XLOOKUP($H113,'03_Component'!$C:$C,'03_Component'!$B:$B) -> 0 | E113: 0 | G113: Lance's Mixtape (5th Edition)
A114: 113 | B114: =_xlfn.CONCAT("DIS-",A114) -> DIS-113 | C114: =_xlfn.XLOOKUP($G114,'03_Component'!$C:$C,'03_Component'!$B:$B) -> COMP-088 | D114: =_xlfn.XLOOKUP($H114,'03_Component'!$C:$C,'03_Component'!$B:$B) -> COMP-003 | E114: 2 | G114: Leaper Pulse Unit | H114: Advanced Mechanical Components
A115: 114 | B115: =_xlfn.CONCAT("DIS-",A115) -> DIS-114 | C115: =_xlfn.XLOOKUP($G115,'03_Component'!$C:$C,'03_Component'!$B:$B) -> COMP-088 | D115: =_xlfn.XLOOKUP($H115,'03_Component'!$C:$C,'03_Component'!$B:$B) -> COMP-009 | E115: 3 | G115: Leaper Pulse Unit | H115: ARC Alloy
A116: 115 | B116: =_xlfn.CONCAT("DIS-",A116) -> DIS-115 | C116: =_xlfn.XLOOKUP($G116,'03_Component'!$C:$C,'03_Component'!$B:$B) -> COMP-087 | D116: =_xlfn.XLOOKUP($H116,'03_Component'!$C:$C,'03_Component'!$B:$B) -> COMP-018 | E116: 3 | G116: Lemon | H116: Assorted Seeds
A117: 116 | B117: =_xlfn.CONCAT("DIS-",A117) -> DIS-116 | C117: =_xlfn.XLOOKUP($G117,'03_Component'!$C:$C,'03_Component'!$B:$B) -> COMP-089 | D117: =_xlfn.XLOOKUP($H117,'03_Component'!$C:$C,'03_Component'!$B:$B) -> 0 | E117: 0 | G117: Light Bulb
A118: 117 | B118: =_xlfn.CONCAT("DIS-",A118) -> DIS-117 | C118: =_xlfn.XLOOKUP($G118,'03_Component'!$C:$C,'03_Component'!$B:$B) -> COMP-090 | D118: =_xlfn.XLOOKUP($H118,'03_Component'!$C:$C,'03_Component'!$B:$B) -> COMP-149 | E118: 2 | G118: Light Gun Parts | H118: Simple Gun Parts
...

Sheet Dashboard
B2: Search for Component: | C2: Antiseptic
B4: Component Details: | C4: Name | D4: Rarity | E4: Sell Price | F4: Total Qty Needed | G4: Known Uses | H4: Found In | I4: Dismantles Into
C5: {=_xlfn.LET(_xlpm.compID,IFERROR(_xlfn.XLOOKUP(C2,tblComponent[ComponentName],tblComponent[ComponentID]),""),_xlpm.name,IFERROR(_xlfn.XLOOKUP(_xlpm.compID,tblComponent[ComponentID],tblComponent[ComponentName]),"Not Found"),_xlpm.ComponentRarity,IFERROR(_xlfn.XLOOKUP(_xlpm.compID,tblComponent[ComponentID],tblComponent[ComponentRarity]),""),_xlpm.price,IFERROR(_xlfn.XLOOKUP(_xlpm.compID,tblComponent[ComponentID],tblComponent[ComponentSellPrice]),""),_xlpm.totalNeeded,IFERROR(SUMIFS(tblComponentUsage[UsageQuantity],tblComponentUsage[ComponentID],_xlpm.compID),0),_xlpm.uses,IF(_xlpm.compID="","No uses",IFERROR(_xlfn.TEXTJOIN(", ",TRUE,_xlfn._xlws.FILTER(tblCraftable[CraftableName]&" ("&tblComponentUsage[UsageQuantity]&")",tblComponentUsage[ComponentID]=_xlpm.compID)),"No uses")),_xlpm.Location,IF(_xlpm.compID="","Unknown location",_xlfn.LET(_xlpm.locationIDs,_xlfn._xlws.FILTER(tblComponentLocation[LocationID],tblComponentLocation[ComponentID]=_xlpm.compID),_xlpm.locationNames,_xlfn.IFNA(_xlfn.XLOOKUP(_xlpm.locationIDs,tblLocation[LocationID],tblLocation[LocationName]),"#MISSING"),_xlfn.TEXTJOIN(", ",TRUE,_xlpm.locationNames))),_xlpm.dismantles,IF(_xlpm.compID="","No dismantle",IFERROR(_xlfn.TEXTJOIN(", ",TRUE,_xlfn._xlws.FILTER(tblComponent[ComponentName]&" ("&tblDismantleResults[Quantity]&"x)",(tblDismantleResults[SourceComponentID]=_xlpm.compID)*(tblDismantleResults[ResultComponentID]=tblComponent[ComponentID]))),"No dismantle")),_xlfn.HSTACK(_xlpm.name,_xlpm.ComponentRarity,_xlpm.price,_xlpm.totalNeeded,_xlpm.uses,_xlpm.Location,_xlpm.dismantles))} -> Antiseptic | D5: Blue | E5: 1000 | F5: 9 | G5: No uses | H5: Medical | I5: No dismantle
